archive_path,bytes,sha256,source_path
01_PROGRAM/README_PROGRAM.md,10390,fb2ee2337b739373ad0e2a1cabdba6b489ca2cd81978b22f41f30b7209dc6b21,PAPER_PROJECT/16_Reproducibility/README_PROGRAM.md
01_PROGRAM/REPRODUCE_FROM_SCRATCH.md,3377,43f5295de423c1edf1b13ed2d1659d1c6b90d110d4222b51c843288817326172,PAPER_PROJECT/16_Reproducibility/REPRODUCE_FROM_SCRATCH.md
01_PROGRAM/RESTORE_PROJECT_TREE.md/RESTORE_PROJECT_TREE.md,2116,0556a7e8f6c52c3e3270ed567792330e0b6b4868648d6a6cb94cf90b0db58822,PAPER_PROJECT/00_Project_Control/RESTORE_PROJECT_TREE.md
01_PROGRAM/RUN_ORDER.md,4365,6e07973788aeb5d3dee0764b3515c219153ef7f5ab1c0f3a6436d069966b8d70,PAPER_PROJECT/16_Reproducibility/RUN_ORDER.md
01_PROGRAM/builders/build_calculations.py,63033,da79b79132d47c2cdd0462f29c01bb5d6a03a368573fecb2f9035571c14b4480,PAPER_PROJECT/13_Manuscript/build_calculations.py
01_PROGRAM/builders/build_manuscript.py,39191,486b4efc1012602ed6bb7af5db7c59ca0dd5cfcaa1afb4912ce4bd3c54b5f5ad,PAPER_PROJECT/13_Manuscript/build_manuscript.py
01_PROGRAM/builders/build_supplement.py,4227,5523b4698065c0fea217068c5247be2a611400a2cedc43a68959eeebda2ea56f,PAPER_PROJECT/13_Manuscript/build_supplement.py
01_PROGRAM/builders/docbuilder.py,7691,d41b74070f70b31b71e77fc75e699a338ab292ca1f122d1395a73fda97c0aea1,PAPER_PROJECT/13_Manuscript/docbuilder.py
01_PROGRAM/builders/ms_derivation.py,35064,983c9f318fe25211e9fc8c8d3b38bbdd0aec887a43187a06b1a7308a04317ff2,PAPER_PROJECT/13_Manuscript/ms_derivation.py
01_PROGRAM/builders/ms_numerics.py,24670,352743ca6b531d611cbe0148a626c6c27289227966e40e207cdd8ec12a176837,PAPER_PROJECT/13_Manuscript/ms_numerics.py
01_PROGRAM/builders/ms_results.py,42196,e99cfa4b298fd222e3b971c103ae75f7d70ab2046123e2b3617822939e15733d,PAPER_PROJECT/13_Manuscript/ms_results.py
01_PROGRAM/builders/ms_static.py,21847,a1ec3328c673965b91051f35b0eaccef4d7ac1401af62010415d35fca1825179,PAPER_PROJECT/13_Manuscript/ms_static.py
01_PROGRAM/control/bootstrap_paths.sh,1158,6cebd912a538cb47be882f13d4358021d52571a6b375e5a8a839e3e9c2048ff0,bootstrap_paths.sh
01_PROGRAM/control/make_central_story.py,6438,5ba6b0c6f02b068db485468272191fd5bec4286e83f6f3ed9c166614a980fde3,PAPER_PROJECT/00_Project_Control/make_central_story.py
01_PROGRAM/control/make_packages.py,4618,0f3c5150be64fd34b0ea2cc4d7bbd33a9e354382d7f3e28765fdb010ee17d9ca,PAPER_PROJECT/00_Project_Control/make_packages.py
01_PROGRAM/control/make_phase_states.py,10810,e4fbeade44487edf3d5f820f3b9b3a2c21adacc8d9988d38812034115e4378bb,PAPER_PROJECT/00_Project_Control/make_phase_states.py
01_PROGRAM/control/make_reproducibility_archive.py,107169,45003d7a783fc4a88d5db959756c595e029a6c4661f48f08a02419a9873fd747,PAPER_PROJECT/00_Project_Control/make_reproducibility_archive.py
01_PROGRAM/environment/requirements.txt,92,a4f1fa913367ce868483803331a644a49395daf187b08d4ec0b2714b103ac760,work/handoff/PILOT_HUANG_2025_01/requirements.txt
01_PROGRAM/experiments/analyze_v2.py,31406,6096cb44d10236cbc33436b93f1ec4b6183bb0b7c119946f2aaf35a15058a187,PAPER_PROJECT/08_Experiments/analyze_v2.py
01_PROGRAM/experiments/logs/analysis_v2.log,7093,d7e2715871828862c6c906042c16fa6366aef6cbe2947f9eef69deeda6f75931,PAPER_PROJECT/08_Experiments/logs/analysis_v2.log
01_PROGRAM/experiments/logs/convergence.log,2148,48ba160d17d9b57e96c04bbadc4d3d781e33e5d1a75ecd3193d8d5ccc605a53a,PAPER_PROJECT/08_Experiments/logs/convergence.log
01_PROGRAM/experiments/logs/convergence_C2C3.log,3070,9cffc31a7b1133ccb2397c98205460bae75766da3ba7445659c1ba6cf4f7a72d,PAPER_PROJECT/08_Experiments/logs/convergence_C2C3.log
01_PROGRAM/experiments/logs/convergence_RERUN_arena_2026-10-01.log,3070,2cebe400f7ba552a36917b04245e66f7de884c3432a239bf24031f4ba5fa8112,PAPER_PROJECT/08_Experiments/logs/convergence_RERUN_arena_2026-10-01.log
01_PROGRAM/experiments/logs/convergence_dirs_phi30.log,749,e13cb855caf8164148fb46175f5202befad8d750cb3f57dc0754a956be47dbbd,PAPER_PROJECT/08_Experiments/logs/convergence_dirs_phi30.log
01_PROGRAM/experiments/logs/convergence_dirs_phi30_RERUN_arena_2026-10-01.log,749,48172774d5e3bda05391142d7033e3b73526db113855cef673d71fb52fcff053,PAPER_PROJECT/08_Experiments/logs/convergence_dirs_phi30_RERUN_arena_2026-10-01.log
01_PROGRAM/experiments/logs/convergence_gamma3p5_partial.log,2148,48ba160d17d9b57e96c04bbadc4d3d781e33e5d1a75ecd3193d8d5ccc605a53a,PAPER_PROJECT/08_Experiments/logs/convergence_gamma3p5_partial.log
01_PROGRAM/experiments/logs/postprocess_RERUN_arena_2026-10-01.log,9363,979ee3ff1a540407c2cb2baaa5c834f39b88f6bb1fbc57d4823cd7cb92a12df5,PAPER_PROJECT/08_Experiments/logs/postprocess_RERUN_arena_2026-10-01.log
01_PROGRAM/experiments/logs/production_blockF.log,1295,48ba004b2481f36fa1d1a9836c7b1c5f2f1a02bbb443abeedc9d45dc3085a85f,PAPER_PROJECT/08_Experiments/logs/production_blockF.log
01_PROGRAM/experiments/logs/production_heavy.log,7640,585b8eb1a471b50f2444fa3b642f4939e686ae4fe53cb387493393c831ee30ca,PAPER_PROJECT/08_Experiments/logs/production_heavy.log
01_PROGRAM/experiments/logs/production_heavy_RERUN_arena_2026-10-01.log,8474,3bfa00c3016a759b995cac5e335aa8123b97d128e1f152cee0b7208d852219b1,PAPER_PROJECT/08_Experiments/logs/production_heavy_RERUN_arena_2026-10-01.log
01_PROGRAM/experiments/logs/production_light.log,12228,43687b0a4d3b78c7c338526b0d3201443583b84fa3e25b126292725141babd36,PAPER_PROJECT/08_Experiments/logs/production_light.log
01_PROGRAM/experiments/logs/production_light_RERUN_arena_2026-10-01.log,12654,f60ee64ce4b4f5ee9f31770307466834e629d35f496c97d03aa58e716d95b7df,PAPER_PROJECT/08_Experiments/logs/production_light_RERUN_arena_2026-10-01.log
01_PROGRAM/experiments/make_figures.py,17256,d5078a57466b09a86d8ed0da2a8f8017f43cde1acf2341b27f588ebaf43f6379,PAPER_PROJECT/08_Experiments/make_figures.py
01_PROGRAM/experiments/make_provenance.py,2479,8988762cae4e32505a079c86856eb857844937ff16120d102fd2971b337bc39e,PAPER_PROJECT/08_Experiments/make_provenance.py
01_PROGRAM/experiments/production_matrix.py,6862,af3319ffaf3f62b064dcf7218f7c4a352d39158cadfc20ff54fa7c01902d33b3,PAPER_PROJECT/08_Experiments/production_matrix.py
01_PROGRAM/experiments/reproduce.py,6405,4ab6ec4f9bfcd1f6dd919b3da7ce96a0960fc758b42ff3d28ea3dee1a3c989f3,PAPER_PROJECT/08_Experiments/reproduce.py
01_PROGRAM/experiments/run_convergence.py,4104,a7063d4a9fd5af3c1a34546462516497192785cac2583aec500912e33b82c2da,PAPER_PROJECT/08_Experiments/run_convergence.py
01_PROGRAM/experiments/run_convergence_dirs.py,1898,984f10194edb8a9174f221f4ab0148c63f56e030eefe58f98bbdefd3d8502899,PAPER_PROJECT/08_Experiments/run_convergence_dirs.py
01_PROGRAM/experiments/run_production_v2.py,2097,b2f1d3bd26c2162944ab1c46e7c2e57236c22bcfae32ba08c8c0939f79b7b932,PAPER_PROJECT/08_Experiments/run_production_v2.py
01_PROGRAM/freeze/CODE_FREEZE_submission_2026_10_02.json,3047,e9995d7355b982d85385a5343ee2eed27d206c00172da4bf83e1a0801fcf75ca,PAPER_PROJECT/06_Source_Code/CODE_FREEZE_submission_2026_10_02.json
01_PROGRAM/freeze/CODE_FREEZE_submission_2026_10_03.json,3047,dbc39e01f9cb4d401f8e74a4c5c23bc224bd86b41ddcc57ed46703607afa8f58,PAPER_PROJECT/06_Source_Code/CODE_FREEZE_submission_2026_10_03.json
01_PROGRAM/freeze/CODE_FREEZE_submission_2026_10_03b.json,3048,6e742f7629a2f96304fa86842f68794d0dc6bf8e574ac375e1ed0a55f84cd1ea,PAPER_PROJECT/06_Source_Code/CODE_FREEZE_submission_2026_10_03b.json
01_PROGRAM/freeze/CODE_FREEZE_submission_2026_10_03c.json,3048,6beb28158e7f671ac31a107a495249349ccebfcb4688a5d8a156e119574e831e,PAPER_PROJECT/06_Source_Code/CODE_FREEZE_submission_2026_10_03c.json
01_PROGRAM/freeze/CODE_FREEZE_submission_2026_10_03d.json,3048,3ac7eef65f134e72f3ad8e49f00fbd5171fc3ecd7450f0156d545f961813e7e7,PAPER_PROJECT/06_Source_Code/CODE_FREEZE_submission_2026_10_03d.json
01_PROGRAM/freeze/CODE_FREEZE_submission_2026_10_03e.json,3048,3226904bc1dd1559f762f4818e4dd5df244cabfef90f6bee9f8f4ac2f6bec722,PAPER_PROJECT/06_Source_Code/CODE_FREEZE_submission_2026_10_03e.json
01_PROGRAM/freeze/CODE_FREEZE_submission_2026_10_03f.json,3048,c2e546a6ad1ae5ad75ed749c098535d7498cc9bce0a1b3a52ced5563008b0ebd,PAPER_PROJECT/06_Source_Code/CODE_FREEZE_submission_2026_10_03f.json
01_PROGRAM/freeze/CODE_FREEZE_submission_2026_10_03g.json,3048,05342056f31a8f64da786f33183657ae10a9413dbd30a551af463df06c955317,PAPER_PROJECT/06_Source_Code/CODE_FREEZE_submission_2026_10_03g.json
01_PROGRAM/freeze/CODE_FREEZE_submission_2026_10_03h.json,3048,17131c09de0de3f4dbabe9a2428a88cdeb6203dd463944029ce8fe3719b717b3,PAPER_PROJECT/06_Source_Code/CODE_FREEZE_submission_2026_10_03h.json
01_PROGRAM/freeze/CODE_FREEZE_submission_2026_10_03i.json,3048,0ba1ca29975ffd70bcf25ff1d8d77c9a08cd217546d949cb917a9330804e9ab9,PAPER_PROJECT/06_Source_Code/CODE_FREEZE_submission_2026_10_03i.json
01_PROGRAM/freeze/CODE_FREEZE_submission_2026_10_03j.json,3048,d7ebb89fce4534dc7781bf2b23c21ea1da3b4d1d2936d2d877cf0341394fa069,PAPER_PROJECT/06_Source_Code/CODE_FREEZE_submission_2026_10_03j.json
01_PROGRAM/freeze/CODE_FREEZE_v2_blockF.json,2721,9345b5d402e02f166233a03851e97c592f7a620fcf7ec7ade849686913bf1737,PAPER_PROJECT/06_Source_Code/CODE_FREEZE_v2_blockF.json
01_PROGRAM/freeze/CODE_FREEZE_v2_final.json,2719,b6a978f139a1e3d11b14be55189bc7d7dd0763a521f74be0cab9de6c513622ff,PAPER_PROJECT/06_Source_Code/CODE_FREEZE_v2_final.json
01_PROGRAM/freeze/CODE_FREEZE_v2_gate.json,1787,feab48880c3c13590433d4a968ed62947627a86d61c82ccb882402c269de5ab1,PAPER_PROJECT/06_Source_Code/CODE_FREEZE_v2_gate.json
01_PROGRAM/freeze/DIFF_VS_HANDOFF.txt,1413,f59315507f44d718a3ce0394008065d84ac6a925a8b9c107995f34d678bad02a,PAPER_PROJECT/06_Source_Code/DIFF_VS_HANDOFF.txt
01_PROGRAM/freeze/make_code_freeze.py,2058,8ca0cb3be5c1e8ac4b6772b49b104721c3ab7af5796063d686443771b90817e4,PAPER_PROJECT/06_Source_Code/make_code_freeze.py
01_PROGRAM/handoff_baseline/BENCHMARK_SOURCE_REVIEW/ALIT_01/ANALYTICAL_SOURCE_CHECKS.md,7315,9e225e8b481a6d80d2376e7242344fa58edbd0fe7c5856aaa50a083ab07d1832,work/handoff/BENCHMARK_SOURCE_REVIEW/ALIT_01/ANALYTICAL_SOURCE_CHECKS.md
01_PROGRAM/handoff_baseline/BENCHMARK_SOURCE_REVIEW/ALIT_01/BENCHMARK_CASES.json,6282,0b62b70659c0e76f59fcfa8f1055071ace46f62b8feec2f2fef3577a7369b886,work/handoff/BENCHMARK_SOURCE_REVIEW/ALIT_01/BENCHMARK_CASES.json
01_PROGRAM/handoff_baseline/BENCHMARK_SOURCE_REVIEW/ALIT_01/BUILD_SOURCE_REVIEW_ARTIFACTS.py,23483,7320f569e5c0264a466d62cbbd9eb9c7732b07c9ae028f653efe623e573c36a1,work/handoff/BENCHMARK_SOURCE_REVIEW/ALIT_01/BUILD_SOURCE_REVIEW_ARTIFACTS.py
01_PROGRAM/handoff_baseline/BENCHMARK_SOURCE_REVIEW/ALIT_01/EVIDENCE_LOG.md,3985,d027723248f7f1faf57e09422b40d6afd2376e2934011a89cc8dbd538cdc28ef,work/handoff/BENCHMARK_SOURCE_REVIEW/ALIT_01/EVIDENCE_LOG.md
01_PROGRAM/handoff_baseline/BENCHMARK_SOURCE_REVIEW/ALIT_01/FULL_SOURCE_REVIEW.md,16923,75c375719b0282ba902d92a87f0b4173904f9a15184ba2de03c0ad9070515a7c,work/handoff/BENCHMARK_SOURCE_REVIEW/ALIT_01/FULL_SOURCE_REVIEW.md
01_PROGRAM/handoff_baseline/BENCHMARK_SOURCE_REVIEW/ALIT_01/MODEL_OPERATORS.csv,2322,3f7ab72167dbe545aa137504cfc753345a4799d6a064745d3c4d1967378c0678,work/handoff/BENCHMARK_SOURCE_REVIEW/ALIT_01/MODEL_OPERATORS.csv
01_PROGRAM/handoff_baseline/BENCHMARK_SOURCE_REVIEW/ALIT_01/MODEL_OPERATORS.json,4283,5fba51de0068a5833dadde7ecfaba3d1ee4bc544bb708246cbb2a9fecc6d984c,work/handoff/BENCHMARK_SOURCE_REVIEW/ALIT_01/MODEL_OPERATORS.json
01_PROGRAM/handoff_baseline/BENCHMARK_SOURCE_REVIEW/ALIT_01/PACKAGE_INVENTORY.csv,683,371e96315a1d26694d86fdaa19855ac4204b1a8beb6212d2805406874ff536a1,work/handoff/BENCHMARK_SOURCE_REVIEW/ALIT_01/PACKAGE_INVENTORY.csv
01_PROGRAM/handoff_baseline/BENCHMARK_SOURCE_REVIEW/ALIT_01/PACKAGE_INVENTORY.json,901,13f0699fb3f500f9eeb6b2e627fd00ac12d63e498a372a8b35d982f33c2adc0e,work/handoff/BENCHMARK_SOURCE_REVIEW/ALIT_01/PACKAGE_INVENTORY.json
01_PROGRAM/handoff_baseline/BENCHMARK_SOURCE_REVIEW/ALIT_01/PDF_MANIFEST.json,2976,133c4e1a2e1a6fc1d79707edb091ab292f797d676f77f94d1146c428051723b1,work/handoff/BENCHMARK_SOURCE_REVIEW/ALIT_01/PDF_MANIFEST.json
01_PROGRAM/handoff_baseline/BENCHMARK_SOURCE_REVIEW/ALIT_01/RECOVERY_FULL_SOURCE_REVIEW_01.zip,235139,7ff1ba7fa8836e6d05ba6020b44fe867e7bd772dccea9c8fdb3f46fde000a02b,work/handoff/BENCHMARK_SOURCE_REVIEW/ALIT_01/RECOVERY_FULL_SOURCE_REVIEW_01.zip
01_PROGRAM/handoff_baseline/BENCHMARK_SOURCE_REVIEW/ALIT_01/RECOVERY_MANIFEST.json,11872,a7caf42d97ca5469a8c4acb179d533bba92d5f54ebb07ab0e8afc6a9f3e07b2b,work/handoff/BENCHMARK_SOURCE_REVIEW/ALIT_01/RECOVERY_MANIFEST.json
01_PROGRAM/handoff_baseline/BENCHMARK_SOURCE_REVIEW/ALIT_01/REFERENCE_EXCERPTS_LOCAL/B03_PRINTED_REFERENCE_VALUES.csv,10600,55af3e3568398bbc4cf89178189db300b4e7237b8cad4a30ed9255aa59d8ba53,work/handoff/BENCHMARK_SOURCE_REVIEW/ALIT_01/REFERENCE_EXCERPTS_LOCAL/B03_PRINTED_REFERENCE_VALUES.csv
01_PROGRAM/handoff_baseline/BENCHMARK_SOURCE_REVIEW/ALIT_01/REFERENCE_EXCERPTS_LOCAL/REFERENCE_DATA_ORIGIN.json,561,5e7dd437a57e4d5fb8263c642ac97bc392cb0f800c4171378c618858d1734df4,work/handoff/BENCHMARK_SOURCE_REVIEW/ALIT_01/REFERENCE_EXCERPTS_LOCAL/REFERENCE_DATA_ORIGIN.json
01_PROGRAM/handoff_baseline/BENCHMARK_SOURCE_REVIEW/ALIT_01/RENDERED_CHECKS/B01_MGN2_EQ36_37.png,66986,7010dec5fd49c714bd48a46538e5f8406d3d056fc1e50cf7cf24632500566090,work/handoff/BENCHMARK_SOURCE_REVIEW/ALIT_01/RENDERED_CHECKS/B01_MGN2_EQ36_37.png
01_PROGRAM/handoff_baseline/BENCHMARK_SOURCE_REVIEW/ALIT_01/RENDERED_CHECKS/B01_OPERATOR_TABLE.png,118218,e4a8d652d12992e68edb5cdd96799a672ae612c0b613b3c5f6d5fd5f7dffb000,work/handoff/BENCHMARK_SOURCE_REVIEW/ALIT_01/RENDERED_CHECKS/B01_OPERATOR_TABLE.png
01_PROGRAM/handoff_baseline/BENCHMARK_SOURCE_REVIEW/ALIT_01/RENDERED_CHECKS/B01_SOLUTIONS_MATERIAL_TABLE.png,146189,1a4648efbd4286c11105e37b9324c276f4e02763aebaaf9a21e991d60bbdf1d3,work/handoff/BENCHMARK_SOURCE_REVIEW/ALIT_01/RENDERED_CHECKS/B01_SOLUTIONS_MATERIAL_TABLE.png
01_PROGRAM/handoff_baseline/BENCHMARK_SOURCE_REVIEW/ALIT_01/RENDERED_CHECKS/B02_CYLINDER_CASE.png,392274,39f0f9db15f5dcd9136917f374cf807d2f169e3ffb1c5a85511fabd1e0426eeb,work/handoff/BENCHMARK_SOURCE_REVIEW/ALIT_01/RENDERED_CHECKS/B02_CYLINDER_CASE.png
01_PROGRAM/handoff_baseline/BENCHMARK_SOURCE_REVIEW/ALIT_01/RENDERED_CHECKS/B02_NONDIM_IC.png,325168,5fa60060b61cffcbd915a416ebe0f044aa8a2308a406a0bcb19c5bbe93b3f1da,work/handoff/BENCHMARK_SOURCE_REVIEW/ALIT_01/RENDERED_CHECKS/B02_NONDIM_IC.png
01_PROGRAM/handoff_baseline/BENCHMARK_SOURCE_REVIEW/ALIT_01/RENDERED_CHECKS/B03_REFERENCE_TABLE_1.png,222452,3bced9c7ee1cca9ba6c3e941576bc8ece678407b3706963ed2afab5523d63150,work/handoff/BENCHMARK_SOURCE_REVIEW/ALIT_01/RENDERED_CHECKS/B03_REFERENCE_TABLE_1.png
01_PROGRAM/handoff_baseline/BENCHMARK_SOURCE_REVIEW/ALIT_01/RENDERED_CHECKS/B03_REFERENCE_TABLE_2.png,452357,950cef38f691236973c55853c53f42e278be79ee46eadbf9fc6793fd9a30cfd8,work/handoff/BENCHMARK_SOURCE_REVIEW/ALIT_01/RENDERED_CHECKS/B03_REFERENCE_TABLE_2.png
01_PROGRAM/handoff_baseline/BENCHMARK_SOURCE_REVIEW/ALIT_01/SEARCH_LOG.md,2963,ee43c884755253096414a08e2d8bfc1b995154657d8ae4d3d9a5f7a69b125dc2,work/handoff/BENCHMARK_SOURCE_REVIEW/ALIT_01/SEARCH_LOG.md
01_PROGRAM/handoff_baseline/BENCHMARK_SOURCE_REVIEW/ALIT_01/SOURCE_BENCHMARK_READINESS.xlsx,18109,ee0b9c60f6feac18f5c2a60a0f51759a8845980dc1a69d2028a2d2d4dff37af4,work/handoff/BENCHMARK_SOURCE_REVIEW/ALIT_01/SOURCE_BENCHMARK_READINESS.xlsx
01_PROGRAM/handoff_baseline/BENCHMARK_SOURCE_REVIEW/ALIT_01/SOURCE_ISSUES.json,2781,0e5151e31dae1940bd727ad8f4162ec516e36d58d59e57be8676594c0ddf2377,work/handoff/BENCHMARK_SOURCE_REVIEW/ALIT_01/SOURCE_ISSUES.json
01_PROGRAM/handoff_baseline/BENCHMARK_SOURCE_REVIEW/ALIT_01/SOURCE_MANIFEST.json,650,f9df757bb3bda31f7bd9518d537f388aaf333f094cd88d770b37150bebcccf50,work/handoff/BENCHMARK_SOURCE_REVIEW/ALIT_01/SOURCE_MANIFEST.json
01_PROGRAM/handoff_baseline/BENCHMARK_SOURCE_REVIEW/ALIT_01/SOURCE_RIGHTS.md,1103,c4b6253dc033c67e12b0a4fae87a3c88560483c4190edd501d14d12e3e5e6d49,work/handoff/BENCHMARK_SOURCE_REVIEW/ALIT_01/SOURCE_RIGHTS.md
01_PROGRAM/handoff_baseline/CODE_REVIEW/FEM4_PACKAGE/CODE_OVERVIEW.md,15196,80e9cb7abfe7b47c81de620d223a6458923482b238f8b21cdce2e795a4c9e8c3,work/handoff/CODE_REVIEW/FEM4_PACKAGE/CODE_OVERVIEW.md
01_PROGRAM/handoff_baseline/CODE_REVIEW/FEM4_PACKAGE/EQUATION_TO_CODE_MAP.csv,3123,9f5796f485118825d486dd4ad064d51ec092469a342169b9419cf059763be9f8,work/handoff/CODE_REVIEW/FEM4_PACKAGE/EQUATION_TO_CODE_MAP.csv
01_PROGRAM/handoff_baseline/CODE_REVIEW/FEM4_PACKAGE/PACKAGE_INVENTORY.csv,20170,10451ab585ef168f5a48078e7888c481995f6556e99118c631f2e4ef165a7daf,work/handoff/CODE_REVIEW/FEM4_PACKAGE/PACKAGE_INVENTORY.csv
01_PROGRAM/handoff_baseline/CODE_REVIEW/FEM4_PACKAGE/SOURCE_FUNCTION_INDEX.csv,17410,0ca0720911a59cbd869e748f02b615a9848d4e0ecac22934079a2a16a50f739e,work/handoff/CODE_REVIEW/FEM4_PACKAGE/SOURCE_FUNCTION_INDEX.csv
01_PROGRAM/handoff_baseline/CODE_REVIEW/FEM4_PACKAGE/SOURCE_MANIFEST.json,495,544ed83431291842125d7d03607c0a48346406a01035b2687710a0b87ef1deb8,work/handoff/CODE_REVIEW/FEM4_PACKAGE/SOURCE_MANIFEST.json
01_PROGRAM/handoff_baseline/CODE_REVIEW/FEM4_PACKAGE/STATIC_INSPECTION_RESULTS.json,4116,7d2711caa67bf281ed0aac18a359ab85cc4e68bae733b0211421407e43c3b993,work/handoff/CODE_REVIEW/FEM4_PACKAGE/STATIC_INSPECTION_RESULTS.json
01_PROGRAM/handoff_baseline/COMPUTE_STATUS.md,2477,8460dc3826bb255b7b148e8de3a477e95b2c2b2d9339d8064fe6473c8cced496,work/handoff/COMPUTE_STATUS.md
01_PROGRAM/handoff_baseline/CURRENT_PROJECT_STATE.md,3407,0e703ca1e144ee650cf8b604e8f948bdecb6d35dcea95d261a93b89aaa996144,work/handoff/CURRENT_PROJECT_STATE.md
01_PROGRAM/handoff_baseline/DECISION_LOG.md,9968,130ef7f0ddd8c478efd54fbe5ac05c792241452c5ede666ca154406bba351389,work/handoff/DECISION_LOG.md
01_PROGRAM/handoff_baseline/HEAT_MODEL_EXPLORATION/HEAT_MODEL_OPTIONS.md,13105,0430d8ce581a7f3a0eaebe809bb8d9baa207498908094fa7ee2a1b4803406f40,work/handoff/HEAT_MODEL_EXPLORATION/HEAT_MODEL_OPTIONS.md
01_PROGRAM/handoff_baseline/HEAT_MODEL_EXPLORATION/SEARCH_LOG.md,4955,b76faa540525598109d9d937066ec1f5bf3f9a58ae127c8591976e365453dd3c,work/handoff/HEAT_MODEL_EXPLORATION/SEARCH_LOG.md
01_PROGRAM/handoff_baseline/HEAT_MODEL_EXPLORATION/THERMOELASTIC_DIRECTION_NOTE.md,11691,498f5e827e1893a61d17dc169022be409a2c697c909ebd336fdf138e69703600,work/handoff/HEAT_MODEL_EXPLORATION/THERMOELASTIC_DIRECTION_NOTE.md
01_PROGRAM/handoff_baseline/MANIFEST_SHA256.json,51943,75a768e3db166eae08c825c08c61712a27eee81982e72a4f3630f6d928e91fc4,work/handoff/MANIFEST_SHA256.json
01_PROGRAM/handoff_baseline/MASTER_PROMPT.md,51462,c18fd5258ebb3df27943aefab1ee5eca419389249ef0108f38e19d4ff942dac0,work/handoff/MASTER_PROMPT.md
01_PROGRAM/handoff_baseline/MASTER_PROMPT_DATE,42,024e4f5d5de2e8f4ec6b042ad279f248b44456440e95c1c8a7f1531a127f6fa9,work/handoff/MASTER_PROMPT_DATE
01_PROGRAM/handoff_baseline/MASTER_PROMPT_VERSION,5,ee50b98bb28008fd58feca48930310f26f7b32b070d916597dbaac0c2208095f,work/handoff/MASTER_PROMPT_VERSION
01_PROGRAM/handoff_baseline/PILOT_HUANG_2025_01/AUTHORIZATION.md,572,7cb41cc07d4c57678ef8fd063831b438fa1c323a745fa9eecfe2d963599fd203,work/handoff/PILOT_HUANG_2025_01/AUTHORIZATION.md
01_PROGRAM/handoff_baseline/PILOT_HUANG_2025_01/CORRECTIVE_DIAGNOSTIC_01.json,732,0cbd3bcbe0f6b01801e095ea3ebaf8edd536894deef854a2ef30e65deacfc0ba,work/handoff/PILOT_HUANG_2025_01/CORRECTIVE_DIAGNOSTIC_01.json
01_PROGRAM/handoff_baseline/PILOT_HUANG_2025_01/EQUATION_TO_CODE_MAP.md,2579,fd7b40ae0ff0ae61f668190be67806bd907b4eaf3cd2c45d38330a77224738d8,work/handoff/PILOT_HUANG_2025_01/EQUATION_TO_CODE_MAP.md
01_PROGRAM/handoff_baseline/PILOT_HUANG_2025_01/EVIDENCE_LOG.md,3924,4cf11e46878b6ea2c9d3b5ef5365fd2f93daa86d98a534adf9945ea9594f80e9,work/handoff/PILOT_HUANG_2025_01/EVIDENCE_LOG.md
01_PROGRAM/handoff_baseline/PILOT_HUANG_2025_01/FINAL_ARTIFACT_QC.json,379,ce568aaf1dce94f9a5da8b59000f099c0423a5a47d15aa0ec7869274491d8f1e,work/handoff/PILOT_HUANG_2025_01/FINAL_ARTIFACT_QC.json
01_PROGRAM/handoff_baseline/PILOT_HUANG_2025_01/PILOT_ACCEPTANCE_STATUS.md,2249,e47ac2f5370bd8a4a4ea6fb34ba88f31afb14089f1f322e8e4fabe67765eedcd,work/handoff/PILOT_HUANG_2025_01/PILOT_ACCEPTANCE_STATUS.md
01_PROGRAM/handoff_baseline/PILOT_HUANG_2025_01/PILOT_CHANGELOG.md,1253,c99945e1ee10ace4ce624b3afcd98e655f83d5c426997240afb74c22ea256ec7,work/handoff/PILOT_HUANG_2025_01/PILOT_CHANGELOG.md
01_PROGRAM/handoff_baseline/PILOT_HUANG_2025_01/PILOT_PLAN_FROZEN.md,8558,5bff72489a9c8e248e4714afc38c4e56a3cf037861e786679f782e8c058f9508,work/handoff/PILOT_HUANG_2025_01/PILOT_PLAN_FROZEN.md
01_PROGRAM/handoff_baseline/PILOT_HUANG_2025_01/PILOT_REPORT.html,214039,befd859d4027aec2f7f9a9f954fc923a7949c175b6e076397633539ac71bc74a,work/handoff/PILOT_HUANG_2025_01/PILOT_REPORT.html
01_PROGRAM/handoff_baseline/PILOT_HUANG_2025_01/PILOT_REPORT.md,7752,035ada600c0b0020cd63de101eaff81bd6ff48aa2fce747f219955a0d2dda93e,work/handoff/PILOT_HUANG_2025_01/PILOT_REPORT.md
01_PROGRAM/handoff_baseline/PILOT_HUANG_2025_01/PILOT_REPORT_FINAL.html,353345,be0172445f017e12dcaea803dcae5a835250d7032edbe1e15fd90a8d87f4c1ad,work/handoff/PILOT_HUANG_2025_01/PILOT_REPORT_FINAL.html
01_PROGRAM/handoff_baseline/PILOT_HUANG_2025_01/PILOT_REPORT_FINAL.md,1483,fff0f45b9e931fc8b4c3a29ffc25011cc4da36133de4b86565c58a2d91b96a62,work/handoff/PILOT_HUANG_2025_01/PILOT_REPORT_FINAL.md
01_PROGRAM/handoff_baseline/PILOT_HUANG_2025_01/PILOT_RESULTS.xlsx,19762,996a18f98618d099605be172cbb998f29437f31b3f0695b81b3626bcf6e06ac3,work/handoff/PILOT_HUANG_2025_01/PILOT_RESULTS.xlsx
01_PROGRAM/handoff_baseline/PILOT_HUANG_2025_01/PLAN_FREEZE_RECORD.json,609,3302f5a668344abfff857d21fd0d580848e6685ba8a04bf4402f96ea6973f1af,work/handoff/PILOT_HUANG_2025_01/PLAN_FREEZE_RECORD.json
01_PROGRAM/handoff_baseline/PILOT_HUANG_2025_01/README.md,3479,1fd22b17ebe763393cab5395f77d52332a45fc780817c256e4922704af73a885,work/handoff/PILOT_HUANG_2025_01/README.md
01_PROGRAM/handoff_baseline/PILOT_HUANG_2025_01/RECOVERY_MANIFEST.json,256,34fdb842592f73571645d0133420612b238f240715cc6a39765fb380e0d5eeaf,work/handoff/PILOT_HUANG_2025_01/RECOVERY_MANIFEST.json
01_PROGRAM/handoff_baseline/PILOT_HUANG_2025_01/build_pilot_report.py,18153,c3f60762be9eb0f2c0310025c5c15c7962c031b226b18554270f6a723482e48a,work/handoff/PILOT_HUANG_2025_01/build_pilot_report.py
01_PROGRAM/handoff_baseline/PILOT_HUANG_2025_01/case_input.json,2758,ebb34449fc084aeb6ac91cfdd41ba555e581ef01f5da2f2878180badf2997482,work/handoff/PILOT_HUANG_2025_01/case_input.json
01_PROGRAM/handoff_baseline/PILOT_HUANG_2025_01/data/BASIC_CHECKS.json,1264,ab7e21e8ff869b86abf39e9a1c45a99af54d2a29223c1b02febca0c6f37d7e62,work/handoff/PILOT_HUANG_2025_01/data/BASIC_CHECKS.json
01_PROGRAM/handoff_baseline/PILOT_HUANG_2025_01/data/DIAGNOSTIC_SUMMARY.json,4907,7784ab624c2248c8ae9e6a94b8bb8cc010bd0d0bce7e0f1f88a1a019050dabaa,work/handoff/PILOT_HUANG_2025_01/data/DIAGNOSTIC_SUMMARY.json
01_PROGRAM/handoff_baseline/PILOT_HUANG_2025_01/data/EXECUTED_PROBE_VALUES.csv,5681,e8736478e04fa545a4f706619a79410f74b843ebd4e6d5329ff51f6a98b5e4ef,work/handoff/PILOT_HUANG_2025_01/data/EXECUTED_PROBE_VALUES.csv
01_PROGRAM/handoff_baseline/PILOT_HUANG_2025_01/data/EXISTING_PROBE_METHOD_COMPARISON.csv,882,81646242b68ea67533704df1fcdf5cab1689bb43e03b8e7b857bb304c99de25f,work/handoff/PILOT_HUANG_2025_01/data/EXISTING_PROBE_METHOD_COMPARISON.csv
01_PROGRAM/handoff_baseline/PILOT_HUANG_2025_01/data/FINAL_COMPARISON_SUMMARY.json,1727,a5b7bb07f38260efaca1b4e0f46062bcc1f2ffa9f399336eaa37310ea15e665f,work/handoff/PILOT_HUANG_2025_01/data/FINAL_COMPARISON_SUMMARY.json
01_PROGRAM/handoff_baseline/PILOT_HUANG_2025_01/data/FVM_CV_6400_POST_RESULT_DIAGNOSTIC.json,1442,f85cdeb382447add34c1249d8a3e14ff5bfa33e3bc592ae9d5baf035f8d34d48,work/handoff/PILOT_HUANG_2025_01/data/FVM_CV_6400_POST_RESULT_DIAGNOSTIC.json
01_PROGRAM/handoff_baseline/PILOT_HUANG_2025_01/data/FVM_CV_N1600.npz,27920,2253af44492aecd8b178ab36be59cab4a1207574f0a7535342f9c070a6db2853,work/handoff/PILOT_HUANG_2025_01/data/FVM_CV_N1600.npz
01_PROGRAM/handoff_baseline/PILOT_HUANG_2025_01/data/FVM_CV_N3200.npz,52977,963f19228a226e0b6d270838ec40e805da0207a5eb06fc5a821fda8c1be7c544,work/handoff/PILOT_HUANG_2025_01/data/FVM_CV_N3200.npz
01_PROGRAM/handoff_baseline/PILOT_HUANG_2025_01/data/FVM_CV_N6400.npz,102093,9af4470848130a6f6409708bc654af31e8bbddb8fcd638eb4cd13e1dfa386169,work/handoff/PILOT_HUANG_2025_01/data/FVM_CV_N6400.npz
01_PROGRAM/handoff_baseline/PILOT_HUANG_2025_01/data/FVM_CV_N800.npz,15256,898a17cf1232917b5b1136f1cc0043085a412d1046f5bc5f3977381565702267,work/handoff/PILOT_HUANG_2025_01/data/FVM_CV_N800.npz
01_PROGRAM/handoff_baseline/PILOT_HUANG_2025_01/data/FVM_MCV3_N1600.npz,28192,90b8fded87ba9622022106ce6a9d9b947f47a70f5827b0f4340c62dddaeca586,work/handoff/PILOT_HUANG_2025_01/data/FVM_MCV3_N1600.npz
01_PROGRAM/handoff_baseline/PILOT_HUANG_2025_01/data/FVM_MCV3_N3200.npz,53740,cde73a2539a417666c7ae02a6be205a38597dd261eec6a712ffedf66bea7f50a,work/handoff/PILOT_HUANG_2025_01/data/FVM_MCV3_N3200.npz
01_PROGRAM/handoff_baseline/PILOT_HUANG_2025_01/data/FVM_MCV3_N800.npz,15397,5a59bfbe8aaa986b88059f785b51e4c503b9fcb0a780a2af11bcf908a7a9100b,work/handoff/PILOT_HUANG_2025_01/data/FVM_MCV3_N800.npz
01_PROGRAM/handoff_baseline/PILOT_HUANG_2025_01/data/FVM_RUNS_AND_REFINEMENT.json,7712,048a72706fc5e1e79de825a94b64a44ac6c8071398d6a51f98297a7329e8ff46,work/handoff/PILOT_HUANG_2025_01/data/FVM_RUNS_AND_REFINEMENT.json
01_PROGRAM/handoff_baseline/PILOT_HUANG_2025_01/data/INVERSION_PROBES.json,13492,73b06298993d5d1600ce7c5beb32e3ac6acfacee3d492276f8894e740b15374d,work/handoff/PILOT_HUANG_2025_01/data/INVERSION_PROBES.json
01_PROGRAM/handoff_baseline/PILOT_HUANG_2025_01/data/INVERSION_PROBES_PARTIAL_CHECKPOINT.json,11315,03cdf5844d21a4344996b91d7b87aa44150b2daf05a63da4e5df24e7bbf42409,work/handoff/PILOT_HUANG_2025_01/data/INVERSION_PROBES_PARTIAL_CHECKPOINT.json
01_PROGRAM/handoff_baseline/PILOT_HUANG_2025_01/data/LAPLACE_RESIDUALS.json,13047,3798abfce0cdda570081d572fec73d1e36f03c42ff641e5f9880c7f87f83c6eb,work/handoff/PILOT_HUANG_2025_01/data/LAPLACE_RESIDUALS.json
01_PROGRAM/handoff_baseline/PILOT_HUANG_2025_01/data/LIMITING_CASES.json,2868,c79a27c5057f8bd2b1ba76bac57e4a093fa35880cb806ef2fe8f82cdd4bc66d9,work/handoff/PILOT_HUANG_2025_01/data/LIMITING_CASES.json
01_PROGRAM/handoff_baseline/PILOT_HUANG_2025_01/data/SOURCE_FIGURE5_COMPARISON.json,5505,99192691d0ee0e47ee3967a8a4f22cd98fe38d7b1636e2cf992dc4c52719cc7f,work/handoff/PILOT_HUANG_2025_01/data/SOURCE_FIGURE5_COMPARISON.json
01_PROGRAM/handoff_baseline/PILOT_HUANG_2025_01/data/SOURCE_FIGURE5_COMPARISON_POINTS.csv,52894,45316069099dee6dfacb253e228c65310cfba25be2588a63ad1e604cfedeaf94,work/handoff/PILOT_HUANG_2025_01/data/SOURCE_FIGURE5_COMPARISON_POINTS.csv
01_PROGRAM/handoff_baseline/PILOT_HUANG_2025_01/figures/EXECUTED_DIAGNOSTIC_PROFILES.png,157500,d3b4c657041e6cbcd76f6b0473394e256ed75106a14aa32b735009a198402c8c,work/handoff/PILOT_HUANG_2025_01/figures/EXECUTED_DIAGNOSTIC_PROFILES.png
01_PROGRAM/handoff_baseline/PILOT_HUANG_2025_01/figures/EXECUTED_DIAGNOSTIC_PROFILES.svg,97421,bd325fcbfbbe52503e075bac1ce786f5032fae50fa0d7d9b443e6083bbcd68d4,work/handoff/PILOT_HUANG_2025_01/figures/EXECUTED_DIAGNOSTIC_PROFILES.svg
01_PROGRAM/handoff_baseline/PILOT_HUANG_2025_01/figures/SOURCE_CASE_COMPARISON.png,260318,5c56d89d1947e63c3c029972d52180e16ac3b78de3ee044d97e028be59177cd5,work/handoff/PILOT_HUANG_2025_01/figures/SOURCE_CASE_COMPARISON.png
01_PROGRAM/handoff_baseline/PILOT_HUANG_2025_01/figures/SOURCE_CASE_COMPARISON.svg,490300,3186ee997758e2ffe49bb92ca08d6e7f3e7b6c611babb1e44b2ebf850befb9ad,work/handoff/PILOT_HUANG_2025_01/figures/SOURCE_CASE_COMPARISON.svg
01_PROGRAM/handoff_baseline/PILOT_HUANG_2025_01/logs/CPU_LEDGER.json,12322,e0f175cbc0e74e00583ba2afbc620389d10c364a0144523d8901ffe57008a9ad,work/handoff/PILOT_HUANG_2025_01/logs/CPU_LEDGER.json
01_PROGRAM/handoff_baseline/PILOT_HUANG_2025_01/logs/P01_BASIC_CHECKS.json,1137,261730436b2cd90a2eaeca248ec611c853416c05ce1107d51930d178e35beaf3,work/handoff/PILOT_HUANG_2025_01/logs/P01_BASIC_CHECKS.json
01_PROGRAM/handoff_baseline/PILOT_HUANG_2025_01/logs/P02B_CV_POST_RESULT_6400.json,1414,a5f0ce7d884b60db9b5d977b586d95d6caf58a81f5fbcac435e2137a73cfcfbb,work/handoff/PILOT_HUANG_2025_01/logs/P02B_CV_POST_RESULT_6400.json
01_PROGRAM/handoff_baseline/PILOT_HUANG_2025_01/logs/P02_FINITE_VOLUME.json,1290,baa189a8ccf9f9e4472acee253ae048182377664fc08c43d158f0124f2ce14cf,work/handoff/PILOT_HUANG_2025_01/logs/P02_FINITE_VOLUME.json
01_PROGRAM/handoff_baseline/PILOT_HUANG_2025_01/logs/P03B_INVERSION_PROBES_ENDPOINT_CORRECTED.json,1442,52f5b3059a57fe42899fb2191c00c7c7553ad18be0e07967552ed4465956ac3c,work/handoff/PILOT_HUANG_2025_01/logs/P03B_INVERSION_PROBES_ENDPOINT_CORRECTED.json
01_PROGRAM/handoff_baseline/PILOT_HUANG_2025_01/logs/P03_ERROR.txt,1457,948e15b0e20a54a224a1af554fb6ffd198b46288a7f3eb8dbbebe939cbc1ae48,work/handoff/PILOT_HUANG_2025_01/logs/P03_ERROR.txt
01_PROGRAM/handoff_baseline/PILOT_HUANG_2025_01/logs/P03_INVERSION_PROBES.json,1289,1e158ee3a7ee18a7921b4d25f05f2f9969904bbe4745b3e9e4919a838d62f53d,work/handoff/PILOT_HUANG_2025_01/logs/P03_INVERSION_PROBES.json
01_PROGRAM/handoff_baseline/PILOT_HUANG_2025_01/logs/P04_EXISTING_DATA_DIAGNOSTIC_SUMMARY.json,1458,a5ea7ea9b47fcd10fb8aa15b75ba72f39c754ffb552db7738390ed8c6aa347d8,work/handoff/PILOT_HUANG_2025_01/logs/P04_EXISTING_DATA_DIAGNOSTIC_SUMMARY.json
01_PROGRAM/handoff_baseline/PILOT_HUANG_2025_01/logs/P05_REPORT_EXISTING_RESULTS_ONLY.json,1500,945bf224065a4da4d6a7be35ec1ff1c143390ab1401f8bbb92c499c7300af4e0,work/handoff/PILOT_HUANG_2025_01/logs/P05_REPORT_EXISTING_RESULTS_ONLY.json
01_PROGRAM/handoff_baseline/PILOT_HUANG_2025_01/logs/P06C_FINAL_COMPARISON_FIGURE_FROM_EXISTING.json,1619,8dfc0e1ff0505c66493e74531ff11c7f6d697fc733bf5f2a3d0004449bab9f8e,work/handoff/PILOT_HUANG_2025_01/logs/P06C_FINAL_COMPARISON_FIGURE_FROM_EXISTING.json
01_PROGRAM/handoff_baseline/PILOT_HUANG_2025_01/logs/P06_ERROR.txt,2739,2ee538163f34ea9a8cfb0c9dce4027b0d95d17ab9b8fe8e13b4e111fb5c60658,work/handoff/PILOT_HUANG_2025_01/logs/P06_ERROR.txt
01_PROGRAM/handoff_baseline/PILOT_HUANG_2025_01/prepare_reference.py,3651,ef5ba77937d054e2d2bfd53e73e9a30d480dda470234dc93f90ad7c3c5de6f3c,work/handoff/PILOT_HUANG_2025_01/prepare_reference.py
01_PROGRAM/handoff_baseline/PILOT_HUANG_2025_01/run_basic_checks.py,3372,868b8080809f40fe125e475de68b5542b4e860b2488f1d8b3df1968aaad85d5e,work/handoff/PILOT_HUANG_2025_01/run_basic_checks.py
01_PROGRAM/handoff_baseline/PILOT_HUANG_2025_01/run_fvm.py,2235,80de17b17e7454f1af16b6349b3fa5559c8038fd509dd0c86b0718852e9ed34d,work/handoff/PILOT_HUANG_2025_01/run_fvm.py
01_PROGRAM/handoff_baseline/PILOT_HUANG_2025_01/run_fvm_extension.py,1601,fe79b1e80a9e8a5fb005d2713a56acbcc0e9912158cd179f65d24ddcd0c02677,work/handoff/PILOT_HUANG_2025_01/run_fvm_extension.py
01_PROGRAM/handoff_baseline/PILOT_HUANG_2025_01/run_inverse_probes.py,2022,552040106beac7fa2163c68899747dce525ba5a7fb7b269f833a979c539d4ed5,work/handoff/PILOT_HUANG_2025_01/run_inverse_probes.py
01_PROGRAM/handoff_baseline/PILOT_HUANG_2025_01/run_source_and_limiting_cases.py,5080,4ad8dd4d1cd62e10e1f363ac234b8655c3b6aae8657388adc90e6c192ba4f25e,work/handoff/PILOT_HUANG_2025_01/run_source_and_limiting_cases.py
01_PROGRAM/handoff_baseline/PILOT_HUANG_2025_01/src/common.py,2368,3a1e51e8fae90086805776244792c9c54a0c774c5efef04fd59877ac5c019caf,work/handoff/PILOT_HUANG_2025_01/src/common.py
01_PROGRAM/handoff_baseline/PILOT_HUANG_2025_01/src/fvm.py,2615,92affc4c15fb6d63be909c31afd62b4b3c688745ee6f2c5346a0bb4e9759bf4b,work/handoff/PILOT_HUANG_2025_01/src/fvm.py
01_PROGRAM/handoff_baseline/PILOT_HUANG_2025_01/src/physics.py,5492,633d3ed851ee6a997a9fa9249d9ed639b94ab9b566943880926021654cd58785,work/handoff/PILOT_HUANG_2025_01/src/physics.py
01_PROGRAM/handoff_baseline/PILOT_HUANG_2025_01/summarize_existing_diagnostics.py,2631,42796c39ffd03c17775d41538eae6aec5c7de95c2717133bfbcb10d18dbe2662,work/handoff/PILOT_HUANG_2025_01/summarize_existing_diagnostics.py
01_PROGRAM/handoff_baseline/PILOT_HUANG_2025_01/versions/v01_before_endpoint_fix/common.py,2231,8cdc8aa8da576dbc700238bab98df9641d675cc3f7808e2e76d108b241f76aea,work/handoff/PILOT_HUANG_2025_01/versions/v01_before_endpoint_fix/common.py
01_PROGRAM/handoff_baseline/PILOT_HUANG_2025_01/versions/v01_before_endpoint_fix/fvm.py,2615,92affc4c15fb6d63be909c31afd62b4b3c688745ee6f2c5346a0bb4e9759bf4b,work/handoff/PILOT_HUANG_2025_01/versions/v01_before_endpoint_fix/fvm.py
01_PROGRAM/handoff_baseline/PILOT_HUANG_2025_01/versions/v01_before_endpoint_fix/physics.py,5288,129a662f4c0b92eb386bc9cc0e9fcaf04ab7ef61cd291ed2b6cde982075dada1,work/handoff/PILOT_HUANG_2025_01/versions/v01_before_endpoint_fix/physics.py
01_PROGRAM/handoff_baseline/PILOT_HUANG_2025_01/versions/v01_before_endpoint_fix/run_basic_checks.py,3372,868b8080809f40fe125e475de68b5542b4e860b2488f1d8b3df1968aaad85d5e,work/handoff/PILOT_HUANG_2025_01/versions/v01_before_endpoint_fix/run_basic_checks.py
01_PROGRAM/handoff_baseline/PILOT_HUANG_2025_01/versions/v01_before_endpoint_fix/run_fvm.py,2235,80de17b17e7454f1af16b6349b3fa5559c8038fd509dd0c86b0718852e9ed34d,work/handoff/PILOT_HUANG_2025_01/versions/v01_before_endpoint_fix/run_fvm.py
01_PROGRAM/handoff_baseline/PILOT_HUANG_2025_01/versions/v01_before_endpoint_fix/run_inverse_probes.py,1853,40b27957c969780b51b362a5c07e8e800365eefdadfc9dbcaec1b479aae786c5,work/handoff/PILOT_HUANG_2025_01/versions/v01_before_endpoint_fix/run_inverse_probes.py
01_PROGRAM/handoff_baseline/PRE_EXECUTION_REVIEW/ARTIFACT_BUILD_ENVIRONMENT.json,353,7d985249ea3ec29d1b5b2ddda700c8556de81542f5852966fb2afca75809e41a,work/handoff/PRE_EXECUTION_REVIEW/ARTIFACT_BUILD_ENVIRONMENT.json
01_PROGRAM/handoff_baseline/PRE_EXECUTION_REVIEW/BUILD_REVIEW_ARTIFACTS.py,28748,d4a5acfbce4f1c187959a0ed7ceefaa6a1be50470a35b6c5f096b6be1a2b29ef,work/handoff/PRE_EXECUTION_REVIEW/BUILD_REVIEW_ARTIFACTS.py
01_PROGRAM/handoff_baseline/PRE_EXECUTION_REVIEW/EVIDENCE_LOG.md,4761,dfaf0e6f8800767809691cf5dc24583a4fb32c0f8594f9595e42e806c46657d9,work/handoff/PRE_EXECUTION_REVIEW/EVIDENCE_LOG.md
01_PROGRAM/handoff_baseline/PRE_EXECUTION_REVIEW/JOURNAL_BENCHMARK_SCREENING.md,19256,27f28a4cb1aadefeffd9d568879139c7c8eba18fb7272cdfb700f23ae81c4539,work/handoff/PRE_EXECUTION_REVIEW/JOURNAL_BENCHMARK_SCREENING.md
01_PROGRAM/handoff_baseline/PRE_EXECUTION_REVIEW/JOURNAL_SCREEN.json,2882,be7c034b7cbc78b7e9fd49f68a710c313f7a5ac17c6aca531e840c82127d7205,work/handoff/PRE_EXECUTION_REVIEW/JOURNAL_SCREEN.json
01_PROGRAM/handoff_baseline/PRE_EXECUTION_REVIEW/OPEN_ACCESS_LOCATION_CHECKS.json,4775,1d1f22df2d47a77876657d1c91610c544828f57e5ee41af48c4b0462b4015ca7,work/handoff/PRE_EXECUTION_REVIEW/OPEN_ACCESS_LOCATION_CHECKS.json
01_PROGRAM/handoff_baseline/PRE_EXECUTION_REVIEW/PDF_REQUEST_LIST.md,1913,f8047e4a5274de2acae4b766a3dd84c2d452214779b6b80efe173bd2ad351316,work/handoff/PRE_EXECUTION_REVIEW/PDF_REQUEST_LIST.md
01_PROGRAM/handoff_baseline/PRE_EXECUTION_REVIEW/PRE_EXECUTION_SCREEN.xlsx,18526,5077c7bbdd3e71241eb8a68d7891b550365dc8d8d42d1cbbad73de827363124d,work/handoff/PRE_EXECUTION_REVIEW/PRE_EXECUTION_SCREEN.xlsx
01_PROGRAM/handoff_baseline/PRE_EXECUTION_REVIEW/RECOVERY_MANIFEST.json,8415,6b3c99eb3dcee13f445d824ba8e357383a68626404780be9b1d89973296bd3f0,work/handoff/PRE_EXECUTION_REVIEW/RECOVERY_MANIFEST.json
01_PROGRAM/handoff_baseline/PRE_EXECUTION_REVIEW/RECOVERY_PRE_EXECUTION_REVIEW_01.zip,174016,bc0cbc1325e8081dde08ee7cdbd217bc05089d376d3687088a6c932004256461,work/handoff/PRE_EXECUTION_REVIEW/RECOVERY_PRE_EXECUTION_REVIEW_01.zip
01_PROGRAM/handoff_baseline/PRE_EXECUTION_REVIEW/REFERENCE_SCREEN.json,6720,91a9ce1c13b7546c932ff920b1daa51936328c629cfb97c3c6271f52522bcb69,work/handoff/PRE_EXECUTION_REVIEW/REFERENCE_SCREEN.json
01_PROGRAM/handoff_baseline/PRE_EXECUTION_REVIEW/SEARCH_LOG.md,6754,93c47ad02493737d9087b8e0304913575eb3d9fd07f738004d2f07c54e1b80c5,work/handoff/PRE_EXECUTION_REVIEW/SEARCH_LOG.md
01_PROGRAM/handoff_baseline/PRE_EXECUTION_REVIEW/SOURCES/KLIMM_2023_SOURCE.json,338,59bc6df8b9481d10205e7cd2bf54a316c8235d05b7fe078c133b0c521ba53552,work/handoff/PRE_EXECUTION_REVIEW/SOURCES/KLIMM_2023_SOURCE.json
01_PROGRAM/handoff_baseline/PRE_EXECUTION_REVIEW/SOURCES/SUPPLEMENT_RETRIEVAL.json,434,8ae9dc1dd9e27971172f33e0df8b316080520b3b9744e4168d5ef0bfdcabceb4,work/handoff/PRE_EXECUTION_REVIEW/SOURCES/SUPPLEMENT_RETRIEVAL.json
01_PROGRAM/handoff_baseline/PRE_EXECUTION_REVIEW/SOURCES/VISUAL_CHECK_KLIMM_P2.png,304226,c49b421e4084866f4fd5a7e1a456bd4203c76973ea8744613a7ef6d7e458d526,work/handoff/PRE_EXECUTION_REVIEW/SOURCES/VISUAL_CHECK_KLIMM_P2.png
01_PROGRAM/handoff_baseline/PRE_EXECUTION_REVIEW/SOURCES/VISUAL_CHECK_KLIMM_P3.png,241659,d8672ba2547d796e6b2a00a8aa97111df689527fefa92d9acda1c3c380d54066,work/handoff/PRE_EXECUTION_REVIEW/SOURCES/VISUAL_CHECK_KLIMM_P3.png
01_PROGRAM/handoff_baseline/PROJECT_CONTROL/MASTER_PROMPT_PROVENANCE.json,1194,47f575d2cedebac5f6ebab40f23995f5a9e736fff9e331b311a99cdfa90af44b,work/handoff/PROJECT_CONTROL/MASTER_PROMPT_PROVENANCE.json
01_PROGRAM/handoff_baseline/PROJECT_CRYSTAL_GEOMETRY_01/ASSUMPTIONS.md,1942,3f635222804b0046a4f8e2ac9449fdbb99f828dd31cfdcd11bf6ea10acec7e7a,work/handoff/PROJECT_CRYSTAL_GEOMETRY_01/ASSUMPTIONS.md
01_PROGRAM/handoff_baseline/PROJECT_CRYSTAL_GEOMETRY_01/JOURNAL_SCREENING.md,3462,97f3efb7da504f1323425b933cbd040fbc1fde3986109a8b5f5ee3af5d66629d,work/handoff/PROJECT_CRYSTAL_GEOMETRY_01/JOURNAL_SCREENING.md
01_PROGRAM/handoff_baseline/PROJECT_CRYSTAL_GEOMETRY_01/MANUSCRIPT_DRAFT.md,11735,acd5cbb736d4f74eecad3ff268c6303814a39a08e1a090c4321758594fa599e9,work/handoff/PROJECT_CRYSTAL_GEOMETRY_01/MANUSCRIPT_DRAFT.md
01_PROGRAM/handoff_baseline/PROJECT_CRYSTAL_GEOMETRY_01/MATHEMATICAL_FORMULATION.md,4814,3c2ea58f48e742ef93d6be5450f465aeab9a54de303f301f109f2da57ba46bfb,work/handoff/PROJECT_CRYSTAL_GEOMETRY_01/MATHEMATICAL_FORMULATION.md
01_PROGRAM/handoff_baseline/PROJECT_CRYSTAL_GEOMETRY_01/NUMERICAL_METHOD_SELECTION.md,3176,eb930f5e5b33d5d6afd1c078a21e9a27d992da83ffa001442077e87412a3658c,work/handoff/PROJECT_CRYSTAL_GEOMETRY_01/NUMERICAL_METHOD_SELECTION.md
01_PROGRAM/handoff_baseline/PROJECT_CRYSTAL_GEOMETRY_01/PARAMETER_TABLE.md,4241,1104da2c0469b11c8f09cf9bdfb18d4a569fbfeae0abf6815089d1363f4ce2b1,work/handoff/PROJECT_CRYSTAL_GEOMETRY_01/PARAMETER_TABLE.md
01_PROGRAM/handoff_baseline/PROJECT_CRYSTAL_GEOMETRY_01/PHYSICAL_VALIDATION_PLAN.md,1878,48a82693f672999324b5f484865fa10a1a346100993805bb04ac26e6f8238b7b,work/handoff/PROJECT_CRYSTAL_GEOMETRY_01/PHYSICAL_VALIDATION_PLAN.md
01_PROGRAM/handoff_baseline/PROJECT_CRYSTAL_GEOMETRY_01/PRIOR_WORK_COMPARISON_R2.md,5652,97e93334e7aa9d48858e3292143eb9ceeb2a67d52a9003cae03e136dbe5d4a07,work/handoff/PROJECT_CRYSTAL_GEOMETRY_01/PRIOR_WORK_COMPARISON_R2.md
01_PROGRAM/handoff_baseline/PROJECT_CRYSTAL_GEOMETRY_01/PROBLEM_DEFINITION.md,5266,3850b8fd890a7a6a321ac9f41bfc48219fadcc3d10fc442202b2edffcc6fe8dc,work/handoff/PROJECT_CRYSTAL_GEOMETRY_01/PROBLEM_DEFINITION.md
01_PROGRAM/handoff_baseline/PROJECT_CRYSTAL_GEOMETRY_01/PROJECT_STATE_PHASE_08.md,3841,38addc3daa4d803a73405420bcf211eec0fa128d4fa28d2078af008f886aba0c,work/handoff/PROJECT_CRYSTAL_GEOMETRY_01/PROJECT_STATE_PHASE_08.md
01_PROGRAM/handoff_baseline/PROJECT_CRYSTAL_GEOMETRY_01/PROJECT_STATE_PHASE_09.md,1053,332e680f2055608084c58b2800f06827b8528d3feba59650f51e103a7de69775,work/handoff/PROJECT_CRYSTAL_GEOMETRY_01/PROJECT_STATE_PHASE_09.md
01_PROGRAM/handoff_baseline/PROJECT_CRYSTAL_GEOMETRY_01/PROJECT_STATE_PHASE_10.md,1068,15ffca899a72181f83b4e8f776fe77973feff0646b51c1338df3a5a3481abaf8,work/handoff/PROJECT_CRYSTAL_GEOMETRY_01/PROJECT_STATE_PHASE_10.md
01_PROGRAM/handoff_baseline/PROJECT_CRYSTAL_GEOMETRY_01/PROJECT_STATE_PHASE_11.md,1138,158f9665b415c6fc8d77ed9edaf45670efe279172d20a8745ea5251befaaf6f4,work/handoff/PROJECT_CRYSTAL_GEOMETRY_01/PROJECT_STATE_PHASE_11.md
01_PROGRAM/handoff_baseline/PROJECT_CRYSTAL_GEOMETRY_01/PROJECT_STATE_PHASE_12.md,1052,27b7f9516dab8f1e3ae23c541ea3e31444a72e344fa950b5150ebe8f3df9230a,work/handoff/PROJECT_CRYSTAL_GEOMETRY_01/PROJECT_STATE_PHASE_12.md
01_PROGRAM/handoff_baseline/PROJECT_CRYSTAL_GEOMETRY_01/PROJECT_STATE_PHASE_13.md,2385,087aadf3054378ea5c41eba455c88c2831f2483833f4b14fffe0cbc61ce48409,work/handoff/PROJECT_CRYSTAL_GEOMETRY_01/PROJECT_STATE_PHASE_13.md
01_PROGRAM/handoff_baseline/PROJECT_CRYSTAL_GEOMETRY_01/SCIENTIFIC_ACCEPTANCE_PLAN.md,5038,efa6555389ede575ea6a759e7e41f5c154a5d0d5ecf5ecf2d3a3c64abbe66d8d,work/handoff/PROJECT_CRYSTAL_GEOMETRY_01/SCIENTIFIC_ACCEPTANCE_PLAN.md
01_PROGRAM/handoff_baseline/PROJECT_CRYSTAL_GEOMETRY_01/SEARCH_LOG.md,7436,c244548e7c51cbcebff6c5b8cbda52fc6536f8492a9ac3cafa054040ebbb5413,work/handoff/PROJECT_CRYSTAL_GEOMETRY_01/SEARCH_LOG.md
01_PROGRAM/handoff_baseline/PROJECT_CRYSTAL_GEOMETRY_01/SELF_AUDIT_CHECKLIST.md,2101,69579ec6813c3dfb63eb809e0e2d5da44f51f768cac0ff26cbb1247ead705c22,work/handoff/PROJECT_CRYSTAL_GEOMETRY_01/SELF_AUDIT_CHECKLIST.md
01_PROGRAM/handoff_baseline/PROJECT_CRYSTAL_GEOMETRY_01/SUBMISSION_PACKAGE/README.md,2060,c7b8881a21470a52c15a8970aa8c6ffa8dd3be3470ff2a4856726e2ad83b0383,work/handoff/PROJECT_CRYSTAL_GEOMETRY_01/SUBMISSION_PACKAGE/README.md
01_PROGRAM/handoff_baseline/PROJECT_CRYSTAL_GEOMETRY_01/SUBMISSION_PACKAGE/cover_letter.md,2379,d2fd3d495212156da6e4657230d5a1981384e193d99b3ec736c7cd8ad2383fda,work/handoff/PROJECT_CRYSTAL_GEOMETRY_01/SUBMISSION_PACKAGE/cover_letter.md
01_PROGRAM/handoff_baseline/PROJECT_CRYSTAL_GEOMETRY_01/SUBMISSION_PACKAGE/declarations.md,1225,cc934216865d73805ad987dadb1f8514def815c89d10c54d8c00674dfe08b078,work/handoff/PROJECT_CRYSTAL_GEOMETRY_01/SUBMISSION_PACKAGE/declarations.md
01_PROGRAM/handoff_baseline/PROJECT_CRYSTAL_GEOMETRY_01/SUBMISSION_PACKAGE/manuscript_IJHMT.md,16490,3ddc7637a5340aacc0aff0ed67a110567c8bc49a721ff8ba7573fe46ff342cd3,work/handoff/PROJECT_CRYSTAL_GEOMETRY_01/SUBMISSION_PACKAGE/manuscript_IJHMT.md
01_PROGRAM/handoff_baseline/PROJECT_CRYSTAL_GEOMETRY_01/SUBMISSION_PACKAGE/title_page.md,1009,02ca067b8855fec96aced637a7d98e610fd99db1f6a900601d9d197d1bc7b6d9,work/handoff/PROJECT_CRYSTAL_GEOMETRY_01/SUBMISSION_PACKAGE/title_page.md
01_PROGRAM/handoff_baseline/PROJECT_CRYSTAL_GEOMETRY_01/VERIFICATION_PLAN.md,3489,5b27e80866ca6941983f9891f8fc628d79062f7aaa530e690d108ae6c3cbc6a1,work/handoff/PROJECT_CRYSTAL_GEOMETRY_01/VERIFICATION_PLAN.md
01_PROGRAM/handoff_baseline/PROJECT_CRYSTAL_GEOMETRY_01/analyze_production.py,7097,afa325fa11adaaada9fb0926c35c3f2796bfcf23804acaf10fcea384866aa032,work/handoff/PROJECT_CRYSTAL_GEOMETRY_01/analyze_production.py
01_PROGRAM/handoff_baseline/PROJECT_CRYSTAL_GEOMETRY_01/data/ANALYSIS.json,3026,65b32d58bb5ed40706c59bea277afd82506c2b4320ad5d0f5f0610fb88d1b807,work/handoff/PROJECT_CRYSTAL_GEOMETRY_01/data/ANALYSIS.json
01_PROGRAM/handoff_baseline/PROJECT_CRYSTAL_GEOMETRY_01/data/ANALYSIS_EXPLORATORY_SCALING.json,2092,4d79fba93c80495f725275483a79b8541d7b5eca0f34beeab1e7a6e6837ad1b4,work/handoff/PROJECT_CRYSTAL_GEOMETRY_01/data/ANALYSIS_EXPLORATORY_SCALING.json
01_PROGRAM/handoff_baseline/PROJECT_CRYSTAL_GEOMETRY_01/data/ANALYSIS_TABLE.md,1138,202f832289d60baa8e56be906e4c0710e00e7468a0ffed90e9dabe5b6dc25adb,work/handoff/PROJECT_CRYSTAL_GEOMETRY_01/data/ANALYSIS_TABLE.md
01_PROGRAM/handoff_baseline/PROJECT_CRYSTAL_GEOMETRY_01/data/CODE_FREEZE.json,908,740e2a19e7308065a28a515b9d86b0a738a7aa3593e17bae5531e573f08eb2d9,work/handoff/PROJECT_CRYSTAL_GEOMETRY_01/data/CODE_FREEZE.json
01_PROGRAM/handoff_baseline/PROJECT_CRYSTAL_GEOMETRY_01/data/ENVIRONMENT.json,183,abf379a35ce10fab916a94d2684086c65cf6636efb903979d9baa435bd2fc6ee,work/handoff/PROJECT_CRYSTAL_GEOMETRY_01/data/ENVIRONMENT.json
01_PROGRAM/handoff_baseline/PROJECT_CRYSTAL_GEOMETRY_01/data/NUMBERS_AUDIT.csv,945,ac7c26b21568d890173dda63e19215904050fdeba8cc055af03bc732adccd8f3,work/handoff/PROJECT_CRYSTAL_GEOMETRY_01/data/NUMBERS_AUDIT.csv
01_PROGRAM/handoff_baseline/PROJECT_CRYSTAL_GEOMETRY_01/data/PROD/A_chi1_phi000.json,777,0d57cdd460f276198dfb923f870c3b4afe879529671dfb2092192a4ae55a53c7,work/handoff/PROJECT_CRYSTAL_GEOMETRY_01/data/PROD/A_chi1_phi000.json
01_PROGRAM/handoff_baseline/PROJECT_CRYSTAL_GEOMETRY_01/data/PROD/A_chi1_phi000.npz,45418,5605a34bb288146f2c910c2422fff3f61a6aa61a4dab5de6a9e89d85c451731e,work/handoff/PROJECT_CRYSTAL_GEOMETRY_01/data/PROD/A_chi1_phi000.npz
01_PROGRAM/handoff_baseline/PROJECT_CRYSTAL_GEOMETRY_01/data/PROD/A_chi1_phi015.json,781,bf9be8ef3e6648723039ceb6077ecfea6e73466b19ca5c6476c39c5e223a7648,work/handoff/PROJECT_CRYSTAL_GEOMETRY_01/data/PROD/A_chi1_phi015.json
01_PROGRAM/handoff_baseline/PROJECT_CRYSTAL_GEOMETRY_01/data/PROD/A_chi1_phi015.npz,45590,2ec2169751067dc61c856a05aa7780cf1e759a2aeec7e1e8e0cbd6c821dbaac5,work/handoff/PROJECT_CRYSTAL_GEOMETRY_01/data/PROD/A_chi1_phi015.npz
01_PROGRAM/handoff_baseline/PROJECT_CRYSTAL_GEOMETRY_01/data/PROD/A_chi1_phi030.json,779,89e1b70d32055fead7b6ed903a7dae87bde1995b6777d45b5c003b9af4631424,work/handoff/PROJECT_CRYSTAL_GEOMETRY_01/data/PROD/A_chi1_phi030.json
01_PROGRAM/handoff_baseline/PROJECT_CRYSTAL_GEOMETRY_01/data/PROD/A_chi1_phi030.npz,45293,f6e7c71dca2d04a7a50731b50cb88420bf26a8acfa2309bc4dc49a9b54cb8188,work/handoff/PROJECT_CRYSTAL_GEOMETRY_01/data/PROD/A_chi1_phi030.npz
01_PROGRAM/handoff_baseline/PROJECT_CRYSTAL_GEOMETRY_01/data/PROD/A_chi1_phi045.json,783,3b1fdbe439f2286bfc5bad44fcd1d7b815748bfe53ec834b5f51c4673d29e232,work/handoff/PROJECT_CRYSTAL_GEOMETRY_01/data/PROD/A_chi1_phi045.json
01_PROGRAM/handoff_baseline/PROJECT_CRYSTAL_GEOMETRY_01/data/PROD/A_chi1_phi045.npz,45523,637fa610717360c90e001cbcc6e7004ba374578f5f4663e40f2c12940caf3105,work/handoff/PROJECT_CRYSTAL_GEOMETRY_01/data/PROD/A_chi1_phi045.npz
01_PROGRAM/handoff_baseline/PROJECT_CRYSTAL_GEOMETRY_01/data/PROD/A_chi1_phi060.json,778,4060083422d2be33677e95df87a0a23ba080969f058ab00d478fd18e39e59395,work/handoff/PROJECT_CRYSTAL_GEOMETRY_01/data/PROD/A_chi1_phi060.json
01_PROGRAM/handoff_baseline/PROJECT_CRYSTAL_GEOMETRY_01/data/PROD/A_chi1_phi060.npz,45399,cb0788b502d845c99ce6770b08c6553975eb950eac9959c929cd1689744ebf1b,work/handoff/PROJECT_CRYSTAL_GEOMETRY_01/data/PROD/A_chi1_phi060.npz
01_PROGRAM/handoff_baseline/PROJECT_CRYSTAL_GEOMETRY_01/data/PROD/A_chi1_phi075.json,781,3b344c94113a6692f7afec318f11fd52b40e226aacc605acc7c04bec2e4877a8,work/handoff/PROJECT_CRYSTAL_GEOMETRY_01/data/PROD/A_chi1_phi075.json
01_PROGRAM/handoff_baseline/PROJECT_CRYSTAL_GEOMETRY_01/data/PROD/A_chi1_phi075.npz,45481,47274dd369a74f371675d55e8e1a122e02bf90dba59abdd0b446562052e0b137,work/handoff/PROJECT_CRYSTAL_GEOMETRY_01/data/PROD/A_chi1_phi075.npz
01_PROGRAM/handoff_baseline/PROJECT_CRYSTAL_GEOMETRY_01/data/PROD/A_chi1_phi090.json,780,03de9af589a526a72ea704c7ac57e5482c7f0b90c514e3822c2efd10b4b41e1c,work/handoff/PROJECT_CRYSTAL_GEOMETRY_01/data/PROD/A_chi1_phi090.json
01_PROGRAM/handoff_baseline/PROJECT_CRYSTAL_GEOMETRY_01/data/PROD/A_chi1_phi090.npz,45310,5d712d2312c723204cfca5f59d55f69b5ce5f473dfbf524fa82af8cd7a791309,work/handoff/PROJECT_CRYSTAL_GEOMETRY_01/data/PROD/A_chi1_phi090.npz
01_PROGRAM/handoff_baseline/PROJECT_CRYSTAL_GEOMETRY_01/data/PROD/A_chi1_phi105.json,783,35e1e62c24a7b703cfa910c7342624cbdce9ff8afceb43bf916be119bc1524ab,work/handoff/PROJECT_CRYSTAL_GEOMETRY_01/data/PROD/A_chi1_phi105.json
01_PROGRAM/handoff_baseline/PROJECT_CRYSTAL_GEOMETRY_01/data/PROD/A_chi1_phi105.npz,45448,edead0ec734ede31690987e73241a42e68dba833d1957f44fa31d1fd238ffcfc,work/handoff/PROJECT_CRYSTAL_GEOMETRY_01/data/PROD/A_chi1_phi105.npz
01_PROGRAM/handoff_baseline/PROJECT_CRYSTAL_GEOMETRY_01/data/PROD/A_chi1_phi120.json,788,1f9792dda919d453fd6e9915c115e8fb6db78dc96375f8704e718a34b29c504e,work/handoff/PROJECT_CRYSTAL_GEOMETRY_01/data/PROD/A_chi1_phi120.json
01_PROGRAM/handoff_baseline/PROJECT_CRYSTAL_GEOMETRY_01/data/PROD/A_chi1_phi120.npz,45264,4be099590e2626f7dd6a1425467687b396ecdb5f3c6ceaef6be5b626b6956f28,work/handoff/PROJECT_CRYSTAL_GEOMETRY_01/data/PROD/A_chi1_phi120.npz
01_PROGRAM/handoff_baseline/PROJECT_CRYSTAL_GEOMETRY_01/data/PROD/A_chi1_phi135.json,784,6e57ec7c350c880649d1597f83e1a2ecd2f6b83ead4cf873c8acedbe10b0019f,work/handoff/PROJECT_CRYSTAL_GEOMETRY_01/data/PROD/A_chi1_phi135.json
01_PROGRAM/handoff_baseline/PROJECT_CRYSTAL_GEOMETRY_01/data/PROD/A_chi1_phi135.npz,45268,b966136ef92fbb21604e3c0168478d2ebc4da5ac946aeb19d38c9ff27573e73f,work/handoff/PROJECT_CRYSTAL_GEOMETRY_01/data/PROD/A_chi1_phi135.npz
01_PROGRAM/handoff_baseline/PROJECT_CRYSTAL_GEOMETRY_01/data/PROD/A_chi1_phi150.json,781,8931c9014c04e71f825f458e97d21f8d3819deee76145021e83b4eed9ae05f88,work/handoff/PROJECT_CRYSTAL_GEOMETRY_01/data/PROD/A_chi1_phi150.json
01_PROGRAM/handoff_baseline/PROJECT_CRYSTAL_GEOMETRY_01/data/PROD/A_chi1_phi150.npz,45377,1d4fcdfcabf388efa85046fe8b6feaf07e3cb821105bd6e6e7c71892fd23b18f,work/handoff/PROJECT_CRYSTAL_GEOMETRY_01/data/PROD/A_chi1_phi150.npz
01_PROGRAM/handoff_baseline/PROJECT_CRYSTAL_GEOMETRY_01/data/PROD/A_chi1_phi165.json,779,d70b9c3613b110e9a3cdb226426686acf128a5bb2c499e771f7915f3daa5ee7e,work/handoff/PROJECT_CRYSTAL_GEOMETRY_01/data/PROD/A_chi1_phi165.json
01_PROGRAM/handoff_baseline/PROJECT_CRYSTAL_GEOMETRY_01/data/PROD/A_chi1_phi165.npz,45325,bab2ef391d7e5cbae0d369539753ac9dea55442e095d815718fc93c8f33689cb,work/handoff/PROJECT_CRYSTAL_GEOMETRY_01/data/PROD/A_chi1_phi165.npz
01_PROGRAM/handoff_baseline/PROJECT_CRYSTAL_GEOMETRY_01/data/PROD/A_chi2_phi000.json,779,371e1b0f8effe2101d60c38c079ab2cc03519241161b8762371d7bc558aa54b2,work/handoff/PROJECT_CRYSTAL_GEOMETRY_01/data/PROD/A_chi2_phi000.json
01_PROGRAM/handoff_baseline/PROJECT_CRYSTAL_GEOMETRY_01/data/PROD/A_chi2_phi000.npz,45431,05d0b9e7592c974a3a152de3ae96651db8563d4b376644df562194c4cf4c61a0,work/handoff/PROJECT_CRYSTAL_GEOMETRY_01/data/PROD/A_chi2_phi000.npz
01_PROGRAM/handoff_baseline/PROJECT_CRYSTAL_GEOMETRY_01/data/PROD/A_chi2_phi015.json,784,d71cd31772aac5bd9005510113f1c9e7b0992d91beb8498aa8ca13a06b11d295,work/handoff/PROJECT_CRYSTAL_GEOMETRY_01/data/PROD/A_chi2_phi015.json
01_PROGRAM/handoff_baseline/PROJECT_CRYSTAL_GEOMETRY_01/data/PROD/A_chi2_phi015.npz,45587,c498dfa09788fcf67a7ce4eb7471ff67bd7d8b59522237e7ca0b87f98df57aa6,work/handoff/PROJECT_CRYSTAL_GEOMETRY_01/data/PROD/A_chi2_phi015.npz
01_PROGRAM/handoff_baseline/PROJECT_CRYSTAL_GEOMETRY_01/data/PROD/A_chi2_phi030.json,777,c57b9d0f5daea0a93a0f0a2d71e8cf93150a7e2b42aae5e34a3ea5b8402dd1a9,work/handoff/PROJECT_CRYSTAL_GEOMETRY_01/data/PROD/A_chi2_phi030.json
01_PROGRAM/handoff_baseline/PROJECT_CRYSTAL_GEOMETRY_01/data/PROD/A_chi2_phi030.npz,45438,d0a491ea4102e9e1c0d7e304695a272b97524973f91094ddfcb0ea11c7d1b62f,work/handoff/PROJECT_CRYSTAL_GEOMETRY_01/data/PROD/A_chi2_phi030.npz
01_PROGRAM/handoff_baseline/PROJECT_CRYSTAL_GEOMETRY_01/data/PROD/A_chi2_phi045.json,769,a2a03c988bf252b5ce77d93ab3669fa5b44be24024b8cf0a7d16b71886d94c47,work/handoff/PROJECT_CRYSTAL_GEOMETRY_01/data/PROD/A_chi2_phi045.json
01_PROGRAM/handoff_baseline/PROJECT_CRYSTAL_GEOMETRY_01/data/PROD/A_chi2_phi045.npz,45558,a9324444e56c50dc0f4fbc91d0901a000f403be62dc0428889780e49a1e76d7b,work/handoff/PROJECT_CRYSTAL_GEOMETRY_01/data/PROD/A_chi2_phi045.npz
01_PROGRAM/handoff_baseline/PROJECT_CRYSTAL_GEOMETRY_01/data/PROD/A_chi2_phi060.json,784,ef8db65aeb7605da62c407d51b982f164b8e88bd912b54b0af6b32c136e9dcc2,work/handoff/PROJECT_CRYSTAL_GEOMETRY_01/data/PROD/A_chi2_phi060.json
01_PROGRAM/handoff_baseline/PROJECT_CRYSTAL_GEOMETRY_01/data/PROD/A_chi2_phi060.npz,45479,bbce2c85356363b79ca6880676f90dc928c49154339696221ea2f269e5d0b3bc,work/handoff/PROJECT_CRYSTAL_GEOMETRY_01/data/PROD/A_chi2_phi060.npz
01_PROGRAM/handoff_baseline/PROJECT_CRYSTAL_GEOMETRY_01/data/PROD/A_chi2_phi075.json,780,1bea4bb0b57e8e71eee5824f3bfc9c1434d99882ade8b7875fc4bc62921a1aad,work/handoff/PROJECT_CRYSTAL_GEOMETRY_01/data/PROD/A_chi2_phi075.json
01_PROGRAM/handoff_baseline/PROJECT_CRYSTAL_GEOMETRY_01/data/PROD/A_chi2_phi075.npz,45353,0b219223c7d3b4465d39986e04adf1abed40732115e3ebd1a9f6b93023f9c760,work/handoff/PROJECT_CRYSTAL_GEOMETRY_01/data/PROD/A_chi2_phi075.npz
01_PROGRAM/handoff_baseline/PROJECT_CRYSTAL_GEOMETRY_01/data/PROD/A_chi2_phi090.json,782,61e52551129c73f796f51e56b833cdd12c95defeeb00af4875a0c572efff0272,work/handoff/PROJECT_CRYSTAL_GEOMETRY_01/data/PROD/A_chi2_phi090.json
01_PROGRAM/handoff_baseline/PROJECT_CRYSTAL_GEOMETRY_01/data/PROD/A_chi2_phi090.npz,45378,1cbc5289c61752f780a2776e3d1090e5051b012d9fc740dbb13ac7457a90909c,work/handoff/PROJECT_CRYSTAL_GEOMETRY_01/data/PROD/A_chi2_phi090.npz
01_PROGRAM/handoff_baseline/PROJECT_CRYSTAL_GEOMETRY_01/data/PROD/A_chi2_phi105.json,780,acec1df45760d076952dd81cf5984982aeb54e73c53691f02eee184058a701fd,work/handoff/PROJECT_CRYSTAL_GEOMETRY_01/data/PROD/A_chi2_phi105.json
01_PROGRAM/handoff_baseline/PROJECT_CRYSTAL_GEOMETRY_01/data/PROD/A_chi2_phi105.npz,45338,1cbc491c4a8daf02962e2a92e0583a18c24c374de2c4265c6dface3f5e2691bf,work/handoff/PROJECT_CRYSTAL_GEOMETRY_01/data/PROD/A_chi2_phi105.npz
01_PROGRAM/handoff_baseline/PROJECT_CRYSTAL_GEOMETRY_01/data/PROD/A_chi2_phi120.json,779,6a7530bfdf8419799a8aa269539681786bdce4370b38e8d259f1213c528d16fe,work/handoff/PROJECT_CRYSTAL_GEOMETRY_01/data/PROD/A_chi2_phi120.json
01_PROGRAM/handoff_baseline/PROJECT_CRYSTAL_GEOMETRY_01/data/PROD/A_chi2_phi120.npz,45561,2c94d40b7e826287ef9285706a3d3bffe781befb973402f1811d9e6ad49400eb,work/handoff/PROJECT_CRYSTAL_GEOMETRY_01/data/PROD/A_chi2_phi120.npz
01_PROGRAM/handoff_baseline/PROJECT_CRYSTAL_GEOMETRY_01/data/PROD/A_chi2_phi135.json,779,89c0b820fdfed12c0719e948d50831dc9e2219961bceb9c4638261b160e84b5c,work/handoff/PROJECT_CRYSTAL_GEOMETRY_01/data/PROD/A_chi2_phi135.json
01_PROGRAM/handoff_baseline/PROJECT_CRYSTAL_GEOMETRY_01/data/PROD/A_chi2_phi135.npz,45443,42565c63a9ec871766ce916067c7dc77984df53e3bc3ecf688b754b6e1d87330,work/handoff/PROJECT_CRYSTAL_GEOMETRY_01/data/PROD/A_chi2_phi135.npz
01_PROGRAM/handoff_baseline/PROJECT_CRYSTAL_GEOMETRY_01/data/PROD/A_chi2_phi150.json,775,6f4d81f47238ae7c91fabae1c5da36b842f5e24c67acecbf40869a9afdaa427f,work/handoff/PROJECT_CRYSTAL_GEOMETRY_01/data/PROD/A_chi2_phi150.json
01_PROGRAM/handoff_baseline/PROJECT_CRYSTAL_GEOMETRY_01/data/PROD/A_chi2_phi150.npz,45471,ee93722a29d956dae74304b5175c1b73b6a373873ce42615f6f18376c38c8c72,work/handoff/PROJECT_CRYSTAL_GEOMETRY_01/data/PROD/A_chi2_phi150.npz
01_PROGRAM/handoff_baseline/PROJECT_CRYSTAL_GEOMETRY_01/data/PROD/A_chi2_phi165.json,781,25b706d4fea1183521c37734fff243a33a104ad94a718269a33089283f918a90,work/handoff/PROJECT_CRYSTAL_GEOMETRY_01/data/PROD/A_chi2_phi165.json
01_PROGRAM/handoff_baseline/PROJECT_CRYSTAL_GEOMETRY_01/data/PROD/A_chi2_phi165.npz,45636,3becf6930c5699daf5e3e280b8029fc04beb21738a8bb7933a2cb4bd76c5e7bd,work/handoff/PROJECT_CRYSTAL_GEOMETRY_01/data/PROD/A_chi2_phi165.npz
01_PROGRAM/handoff_baseline/PROJECT_CRYSTAL_GEOMETRY_01/data/PROD/B_CV_tau1_a10.json,773,6712f088b14cee90dc95da97764888f1f8fe1697e8f4630ebc6ce57e61a12293,work/handoff/PROJECT_CRYSTAL_GEOMETRY_01/data/PROD/B_CV_tau1_a10.json
01_PROGRAM/handoff_baseline/PROJECT_CRYSTAL_GEOMETRY_01/data/PROD/B_CV_tau1_a10.npz,45429,9cdb5158dd26d9da1f38f93bcaea8a29fb2290e97735621ab47b9002929f018b,work/handoff/PROJECT_CRYSTAL_GEOMETRY_01/data/PROD/B_CV_tau1_a10.npz
01_PROGRAM/handoff_baseline/PROJECT_CRYSTAL_GEOMETRY_01/data/PROD/B_CV_tau20_a10.json,774,819e8bf58b2750f878fafac1789230eae110db84384b6b00835c9034e90ec6fa,work/handoff/PROJECT_CRYSTAL_GEOMETRY_01/data/PROD/B_CV_tau20_a10.json
01_PROGRAM/handoff_baseline/PROJECT_CRYSTAL_GEOMETRY_01/data/PROD/B_CV_tau20_a10.npz,45444,57b2396d12ec8ecc3915f2c1b7bd2172c4aea8aa59aca5d5cb1ec77b43b3816d,work/handoff/PROJECT_CRYSTAL_GEOMETRY_01/data/PROD/B_CV_tau20_a10.npz
01_PROGRAM/handoff_baseline/PROJECT_CRYSTAL_GEOMETRY_01/data/PROD/B_CV_tau20_a20.json,773,2364038ab66d2bdd55f5e31c703095fef414e876bc74a0f23bca6cdcaead7e0d,work/handoff/PROJECT_CRYSTAL_GEOMETRY_01/data/PROD/B_CV_tau20_a20.json
01_PROGRAM/handoff_baseline/PROJECT_CRYSTAL_GEOMETRY_01/data/PROD/B_CV_tau20_a20.npz,45350,90a39c3cd04ebafaa783e761c7b1aba7613631b7256c9c8810bb440e7e092f61,work/handoff/PROJECT_CRYSTAL_GEOMETRY_01/data/PROD/B_CV_tau20_a20.npz
01_PROGRAM/handoff_baseline/PROJECT_CRYSTAL_GEOMETRY_01/data/PROD/B_CV_tau20_a5.json,775,f3d81f84dd44eaf7a87aa22a0cee7152d5f9aac262e22bc0d70dd020abc90d96,work/handoff/PROJECT_CRYSTAL_GEOMETRY_01/data/PROD/B_CV_tau20_a5.json
01_PROGRAM/handoff_baseline/PROJECT_CRYSTAL_GEOMETRY_01/data/PROD/B_CV_tau20_a5.npz,44858,5e63a3ff96a00456290ce7364116ba8454916790cdb43b3d00cd37b4e8be2afc,work/handoff/PROJECT_CRYSTAL_GEOMETRY_01/data/PROD/B_CV_tau20_a5.npz
01_PROGRAM/handoff_baseline/PROJECT_CRYSTAL_GEOMETRY_01/data/PROD/B_CV_tau20_a50.json,777,a87569018ff190e13a0f8b9574b0430ce198c465b1b86e0e41a7320a4be1f0c6,work/handoff/PROJECT_CRYSTAL_GEOMETRY_01/data/PROD/B_CV_tau20_a50.json
01_PROGRAM/handoff_baseline/PROJECT_CRYSTAL_GEOMETRY_01/data/PROD/B_CV_tau20_a50.npz,45222,42ceb506a50de7f8ebfae4ec3762beaf5051d378da0da7ac50cc3ec85d65cf6c,work/handoff/PROJECT_CRYSTAL_GEOMETRY_01/data/PROD/B_CV_tau20_a50.npz
01_PROGRAM/handoff_baseline/PROJECT_CRYSTAL_GEOMETRY_01/data/PROD/B_CV_tau5_a10.json,776,1610c9aad47050799c2af402c32d83c68a2fe5baaba9ae886ef3df47f575ec2a,work/handoff/PROJECT_CRYSTAL_GEOMETRY_01/data/PROD/B_CV_tau5_a10.json
01_PROGRAM/handoff_baseline/PROJECT_CRYSTAL_GEOMETRY_01/data/PROD/B_CV_tau5_a10.npz,45400,bb2522cb71a9f539c8d581dd97023123d82231e68cf7c224df89f881c3d40c9c,work/handoff/PROJECT_CRYSTAL_GEOMETRY_01/data/PROD/B_CV_tau5_a10.npz
01_PROGRAM/handoff_baseline/PROJECT_CRYSTAL_GEOMETRY_01/data/PROD/B_F_tau0_a20.json,775,834200b195b491a92afb73edfd7f30b3fcf195decdbc19134ccacc5c1a226ce1,work/handoff/PROJECT_CRYSTAL_GEOMETRY_01/data/PROD/B_F_tau0_a20.json
01_PROGRAM/handoff_baseline/PROJECT_CRYSTAL_GEOMETRY_01/data/PROD/B_F_tau0_a20.npz,45214,cd43646cd2666c61a78044633a42e2e7c3b49748e2d20e2039f71a824928abf9,work/handoff/PROJECT_CRYSTAL_GEOMETRY_01/data/PROD/B_F_tau0_a20.npz
01_PROGRAM/handoff_baseline/PROJECT_CRYSTAL_GEOMETRY_01/data/PROD/B_F_tau0_a5.json,777,11b921b6a7d0ea718343f84221ea2de25df8ee5b3503b44007ea12895960c900,work/handoff/PROJECT_CRYSTAL_GEOMETRY_01/data/PROD/B_F_tau0_a5.json
01_PROGRAM/handoff_baseline/PROJECT_CRYSTAL_GEOMETRY_01/data/PROD/B_F_tau0_a5.npz,45269,24af4d094a1a734ea14f26e7059ac54fcfeae90190e751197119cf0b5de00fe8,work/handoff/PROJECT_CRYSTAL_GEOMETRY_01/data/PROD/B_F_tau0_a5.npz
01_PROGRAM/handoff_baseline/PROJECT_CRYSTAL_GEOMETRY_01/data/PROD/B_F_tau0_a50.json,773,a1649e77d7b572b3a74e4e617b7f392cfa124c6a2399e300a74a871875cc6a4b,work/handoff/PROJECT_CRYSTAL_GEOMETRY_01/data/PROD/B_F_tau0_a50.json
01_PROGRAM/handoff_baseline/PROJECT_CRYSTAL_GEOMETRY_01/data/PROD/B_F_tau0_a50.npz,45133,8c8fe6d0332c9445e64cf461059d8fcd4edf997ea9f379a53413ccf257fcdd56,work/handoff/PROJECT_CRYSTAL_GEOMETRY_01/data/PROD/B_F_tau0_a50.npz
01_PROGRAM/handoff_baseline/PROJECT_CRYSTAL_GEOMETRY_01/data/PROD/B_MCV3_tau20_a10.json,781,18de3ea763fc5158e800e6644b0bc3ec78069109569b046655b64142e1dcbb3e,work/handoff/PROJECT_CRYSTAL_GEOMETRY_01/data/PROD/B_MCV3_tau20_a10.json
01_PROGRAM/handoff_baseline/PROJECT_CRYSTAL_GEOMETRY_01/data/PROD/B_MCV3_tau20_a10.npz,45254,de9d2cba99b1a5d2618623e074e512c4b8f27b2ddaca20452c1210eb49aa976e,work/handoff/PROJECT_CRYSTAL_GEOMETRY_01/data/PROD/B_MCV3_tau20_a10.npz
01_PROGRAM/handoff_baseline/PROJECT_CRYSTAL_GEOMETRY_01/data/PROD/B_MCV3_tau5_a10.json,781,81645f76af64ef03ce5d263381e42d18fec5a90443d12588af7fd87665c1366c,work/handoff/PROJECT_CRYSTAL_GEOMETRY_01/data/PROD/B_MCV3_tau5_a10.json
01_PROGRAM/handoff_baseline/PROJECT_CRYSTAL_GEOMETRY_01/data/PROD/B_MCV3_tau5_a10.npz,45428,569860f616b14d7644f8b80c774a27eb848f95d31f523b59904fa1e024b81008,work/handoff/PROJECT_CRYSTAL_GEOMETRY_01/data/PROD/B_MCV3_tau5_a10.npz
01_PROGRAM/handoff_baseline/PROJECT_CRYSTAL_GEOMETRY_01/data/PROD/C_CV_tau20_coupling_off.json,787,fb037be4b9df1b097a87327373115735010556104ee74a934b9f6befcfa5ef80,work/handoff/PROJECT_CRYSTAL_GEOMETRY_01/data/PROD/C_CV_tau20_coupling_off.json
01_PROGRAM/handoff_baseline/PROJECT_CRYSTAL_GEOMETRY_01/data/PROD/C_CV_tau20_coupling_off.npz,37733,9a61796ed8d8555ba9993c2945db8fcf321a9862ecb9622fafd2290b9c1a68c2,work/handoff/PROJECT_CRYSTAL_GEOMETRY_01/data/PROD/C_CV_tau20_coupling_off.npz
01_PROGRAM/handoff_baseline/PROJECT_CRYSTAL_GEOMETRY_01/data/PROD/D_iso_circle.json,797,e0248cd48c31641c52ca3e5f0607e71692af358114a5de268b2375bb7f8c911b,work/handoff/PROJECT_CRYSTAL_GEOMETRY_01/data/PROD/D_iso_circle.json
01_PROGRAM/handoff_baseline/PROJECT_CRYSTAL_GEOMETRY_01/data/PROD/D_iso_circle.npz,34626,091bc317b0bf3860d7bade5505000df8c67fde88b7234500bde47afba90aa182,work/handoff/PROJECT_CRYSTAL_GEOMETRY_01/data/PROD/D_iso_circle.npz
01_PROGRAM/handoff_baseline/PROJECT_CRYSTAL_GEOMETRY_01/data/PROD/D_iso_ellipse.json,782,de924e0623c43492c5e50b1ed934524df2760febbde48cb27fe1590618b9940e,work/handoff/PROJECT_CRYSTAL_GEOMETRY_01/data/PROD/D_iso_ellipse.json
01_PROGRAM/handoff_baseline/PROJECT_CRYSTAL_GEOMETRY_01/data/PROD/D_iso_ellipse.npz,42785,1c63c801a023d6618c32c4d67e36cae605181e6995da826ffe2ad6919a933b95,work/handoff/PROJECT_CRYSTAL_GEOMETRY_01/data/PROD/D_iso_ellipse.npz
01_PROGRAM/handoff_baseline/PROJECT_CRYSTAL_GEOMETRY_01/data/PROD/PRODUCTION_SUMMARY.json,34913,835824008c217b4633b871b62a91d754f6baf34601d8016a6544b7615dad4996,work/handoff/PROJECT_CRYSTAL_GEOMETRY_01/data/PROD/PRODUCTION_SUMMARY.json
01_PROGRAM/handoff_baseline/PROJECT_CRYSTAL_GEOMETRY_01/data/PROD/S_circle_eta002.json,782,1d38e57a0412c72cfbc161440b0a031ea40a73f18c41b0774fb2378ca60aee95,work/handoff/PROJECT_CRYSTAL_GEOMETRY_01/data/PROD/S_circle_eta002.json
01_PROGRAM/handoff_baseline/PROJECT_CRYSTAL_GEOMETRY_01/data/PROD/S_circle_eta002.npz,45329,529af4ee4d9612ead23f3e2a8feb180ad0fd69ca9528daa94950b39ade733872,work/handoff/PROJECT_CRYSTAL_GEOMETRY_01/data/PROD/S_circle_eta002.npz
01_PROGRAM/handoff_baseline/PROJECT_CRYSTAL_GEOMETRY_01/data/PROD/S_circle_eta01.json,770,44bcf13d93b4bda5b92c677c3c65b2c13a74a94045d67d74d15b17824da8ef10,work/handoff/PROJECT_CRYSTAL_GEOMETRY_01/data/PROD/S_circle_eta01.json
01_PROGRAM/handoff_baseline/PROJECT_CRYSTAL_GEOMETRY_01/data/PROD/S_circle_eta01.npz,45308,2322b707ea187a24c73c4e1f1a3d57da94cf016b431c09d678d5913a886a8158,work/handoff/PROJECT_CRYSTAL_GEOMETRY_01/data/PROD/S_circle_eta01.npz
01_PROGRAM/handoff_baseline/PROJECT_CRYSTAL_GEOMETRY_01/data/PROD/S_ellipse_eta002.json,795,d2bc7a0d30948add62879d621c7290864bac8ce0ba7c6c74010a1f3abd69b199,work/handoff/PROJECT_CRYSTAL_GEOMETRY_01/data/PROD/S_ellipse_eta002.json
01_PROGRAM/handoff_baseline/PROJECT_CRYSTAL_GEOMETRY_01/data/PROD/S_ellipse_eta002.npz,45538,64fab9d5bb16b2d215d2f850fa3c983d7c9c6efbcd79cf423c2d4e507960a900,work/handoff/PROJECT_CRYSTAL_GEOMETRY_01/data/PROD/S_ellipse_eta002.npz
01_PROGRAM/handoff_baseline/PROJECT_CRYSTAL_GEOMETRY_01/data/PROD/S_ellipse_eta01.json,794,db38ca9b8612875c0f4f1efdcd2c1133788c37362de8b48f6dc06e1215797ba7,work/handoff/PROJECT_CRYSTAL_GEOMETRY_01/data/PROD/S_ellipse_eta01.json
01_PROGRAM/handoff_baseline/PROJECT_CRYSTAL_GEOMETRY_01/data/PROD/S_ellipse_eta01.npz,45500,2a2b830b9d1add9abacaa0b12e2fcca6f0157b3901bab75398f9c472c891bc97,work/handoff/PROJECT_CRYSTAL_GEOMETRY_01/data/PROD/S_ellipse_eta01.npz
01_PROGRAM/handoff_baseline/PROJECT_CRYSTAL_GEOMETRY_01/data/PROD/Spot_chi2_phi030_192.json,786,c02240414bda9f3bcac8990125047d0ad4e9b80d611b2ea366817029adfb45e4,work/handoff/PROJECT_CRYSTAL_GEOMETRY_01/data/PROD/Spot_chi2_phi030_192.json
01_PROGRAM/handoff_baseline/PROJECT_CRYSTAL_GEOMETRY_01/data/PROD/Spot_chi2_phi030_192.npz,97990,ca66a73f3c6acff8767a20fb2cb06c394f47a7f11c82e578456d4ef8a106c5aa,work/handoff/PROJECT_CRYSTAL_GEOMETRY_01/data/PROD/Spot_chi2_phi030_192.npz
01_PROGRAM/handoff_baseline/PROJECT_CRYSTAL_GEOMETRY_01/data/PROD/Spot_chi2_phi090_192.json,790,afa8ce7d5f39903ea77b213117e4208e1d933bfd324c9702943cb2e9ada4f725,work/handoff/PROJECT_CRYSTAL_GEOMETRY_01/data/PROD/Spot_chi2_phi090_192.json
01_PROGRAM/handoff_baseline/PROJECT_CRYSTAL_GEOMETRY_01/data/PROD/Spot_chi2_phi090_192.npz,97687,c3f318e179c4e09d290002a628122e67bc99b9a6ce255756229c7ad824e12af8,work/handoff/PROJECT_CRYSTAL_GEOMETRY_01/data/PROD/Spot_chi2_phi090_192.npz
01_PROGRAM/handoff_baseline/PROJECT_CRYSTAL_GEOMETRY_01/data/PROD/T3_probe_theta_r2a.npz,70517,62e8ff6a2f6832d89a12aaede3e1e5e9540f724a25878b407860b4e70919f4ee,work/handoff/PROJECT_CRYSTAL_GEOMETRY_01/data/PROD/T3_probe_theta_r2a.npz
01_PROGRAM/handoff_baseline/PROJECT_CRYSTAL_GEOMETRY_01/data/SUPP_D_lambda.csv,242,26544ff1f0b3cb911d6ba5e46f45361cc3aa31c42a86874354d56e36d6d17ef5,work/handoff/PROJECT_CRYSTAL_GEOMETRY_01/data/SUPP_D_lambda.csv
01_PROGRAM/handoff_baseline/PROJECT_CRYSTAL_GEOMETRY_01/data/SUPP_cp_worked_example.csv,308,9aef2b9c4fc18873bb6be7637ba190c67de9b227a671d57e86788ae960b1a319,work/handoff/PROJECT_CRYSTAL_GEOMETRY_01/data/SUPP_cp_worked_example.csv
01_PROGRAM/handoff_baseline/PROJECT_CRYSTAL_GEOMETRY_01/data/SUPP_phi_sweep.csv,662,70b764e94c577217ffdb10b497b7d7b2fbbe655b9866516f8a07bea12561f730,work/handoff/PROJECT_CRYSTAL_GEOMETRY_01/data/SUPP_phi_sweep.csv
01_PROGRAM/handoff_baseline/PROJECT_CRYSTAL_GEOMETRY_01/data/SUPP_verification.csv,935,c01aafd171e01895bcb5281acd2c946eb606fe6068570b2c7281c1d9e93901c8,work/handoff/PROJECT_CRYSTAL_GEOMETRY_01/data/SUPP_verification.csv
01_PROGRAM/handoff_baseline/PROJECT_CRYSTAL_GEOMETRY_01/data/VERIFY.json,4325,861faca6dcb6e39265b12eb38a668613f306a8f2d83bd7760d40ee7a967abba8,work/handoff/PROJECT_CRYSTAL_GEOMETRY_01/data/VERIFY.json
01_PROGRAM/handoff_baseline/PROJECT_CRYSTAL_GEOMETRY_01/figures/FIGURE_CAPTIONS.md,1477,0b3a2ae99bf58dd9a6bac94a1d9e072b7f42e7b346078a4650e5384c40b49e4a,work/handoff/PROJECT_CRYSTAL_GEOMETRY_01/figures/FIGURE_CAPTIONS.md
01_PROGRAM/handoff_baseline/PROJECT_CRYSTAL_GEOMETRY_01/figures/fig1_sigma_phi.png,48075,078e0c9297803cae7b8c173606e88e90425a45fa20e86413cd44ac4ba74742fb,work/handoff/PROJECT_CRYSTAL_GEOMETRY_01/figures/fig1_sigma_phi.png
01_PROGRAM/handoff_baseline/PROJECT_CRYSTAL_GEOMETRY_01/figures/fig2_D_lambda.png,38629,ceb1ad81a43eca95a5ca66bbcbb216aaa7568ab95a1a551738f41669902d3701,work/handoff/PROJECT_CRYSTAL_GEOMETRY_01/figures/fig2_D_lambda.png
01_PROGRAM/handoff_baseline/PROJECT_CRYSTAL_GEOMETRY_01/figures/fig3_series.png,124021,3a9c068391a0623ac3457704e5935d07233ce1045a978c027129361ec1aeb615,work/handoff/PROJECT_CRYSTAL_GEOMETRY_01/figures/fig3_series.png
01_PROGRAM/handoff_baseline/PROJECT_CRYSTAL_GEOMETRY_01/figures/fig4_angular.png,115617,b09d44d4a5050290f6bacd3fde180f60ec35309ab665bcb0febc93ce6d24382f,work/handoff/PROJECT_CRYSTAL_GEOMETRY_01/figures/fig4_angular.png
01_PROGRAM/handoff_baseline/PROJECT_CRYSTAL_GEOMETRY_01/figures/fig5_scaling.png,64080,32ec6f2f179595091a8229c3d7d4b7ae132d32927e817eb29008c95626c63507,work/handoff/PROJECT_CRYSTAL_GEOMETRY_01/figures/fig5_scaling.png
01_PROGRAM/handoff_baseline/PROJECT_CRYSTAL_GEOMETRY_01/logs/PLAN_FREEZE.json,981,7eab30ae9f47e056c7cc6d135705ba66a0b479bc21ec2fca92b272a128ab603c,work/handoff/PROJECT_CRYSTAL_GEOMETRY_01/logs/PLAN_FREEZE.json
01_PROGRAM/handoff_baseline/PROJECT_CRYSTAL_GEOMETRY_01/logs/production_v1.log,529,ec249bb9f17f407b5d5d78d6b12aacff21ee7e2f729d3eb804778ebaf1d57229,work/handoff/PROJECT_CRYSTAL_GEOMETRY_01/logs/production_v1.log
01_PROGRAM/handoff_baseline/PROJECT_CRYSTAL_GEOMETRY_01/logs/production_v2.log,3374,baaa846515d8899632728ee971029dea28abf3d2f5a0db0696b9a696f2b18f84,work/handoff/PROJECT_CRYSTAL_GEOMETRY_01/logs/production_v2.log
01_PROGRAM/handoff_baseline/PROJECT_CRYSTAL_GEOMETRY_01/logs/verify_rerun_v3.log,1495,02bd25af61239a41ecd71f0eec110859557cf3cd558f12f09fb7d9f3a52c431e,work/handoff/PROJECT_CRYSTAL_GEOMETRY_01/logs/verify_rerun_v3.log
01_PROGRAM/handoff_baseline/PROJECT_CRYSTAL_GEOMETRY_01/run_production.py,8262,8ce4db7c0430955ee8f65cf31235962c73e16b2906e1ec436642f7d02e509022,work/handoff/PROJECT_CRYSTAL_GEOMETRY_01/run_production.py
01_PROGRAM/handoff_baseline/PROJECT_CRYSTAL_GEOMETRY_01/run_verify.py,11233,116e0c743ae75df304ce3785a964396ba1a967ca42b384e617463c18ad6dc155,work/handoff/PROJECT_CRYSTAL_GEOMETRY_01/run_verify.py
01_PROGRAM/handoff_baseline/PROJECT_CRYSTAL_GEOMETRY_01/src/cg_grid.py,5380,d8b34b32c656c09dedc23e22f5658c4b5881dc15cf404f617b7e532e6358d05e,work/handoff/PROJECT_CRYSTAL_GEOMETRY_01/src/cg_grid.py
01_PROGRAM/handoff_baseline/PROJECT_CRYSTAL_GEOMETRY_01/src/cg_model.py,5558,da178f1c0f9e974fc9702d0a0d42b08d8938aa7ad00fe8e7a4bdd6dfff99b991,work/handoff/PROJECT_CRYSTAL_GEOMETRY_01/src/cg_model.py
01_PROGRAM/handoff_baseline/PROJECT_CRYSTAL_GEOMETRY_01/src/cg_ops.py,11810,f8855a5b43b2e8506938011bf1f3321276cf4e691daed6786f3c852477d853f5,work/handoff/PROJECT_CRYSTAL_GEOMETRY_01/src/cg_ops.py
01_PROGRAM/handoff_baseline/PROJECT_CRYSTAL_GEOMETRY_01/src/cg_solver.py,7549,4715f3179f55f56d8fb9300e6a83b6caff370b0725c4ea5f52719fc151ea39e4,work/handoff/PROJECT_CRYSTAL_GEOMETRY_01/src/cg_solver.py
01_PROGRAM/handoff_baseline/PROJECT_CRYSTAL_GEOMETRY_01/src/cg_transient.py,1161,41cd9ed6d67f21c0bf789caf2c32636181c781d56afca128b4d6b6f728ee1555,work/handoff/PROJECT_CRYSTAL_GEOMETRY_01/src/cg_transient.py
01_PROGRAM/handoff_baseline/PROJECT_STATE_FULL_SOURCE_REVIEW_01.md,11400,6f761bd63f65c7bf5236b65a340a01e2a5ada1444309bb84e3f3f67c4cdb8840,work/handoff/PROJECT_STATE_FULL_SOURCE_REVIEW_01.md
01_PROGRAM/handoff_baseline/PROJECT_STATE_PILOT_HUANG_2025_01.md,7975,4a28edbdbaf8bc2f03bea09ca0705b5e7b90342ed7ddc392f14ea13bdb4061c2,work/handoff/PROJECT_STATE_PILOT_HUANG_2025_01.md
01_PROGRAM/handoff_baseline/PROJECT_STATE_PRE_EXECUTION_REVIEW_01.md,10433,632688fcd66e13547f166d8149e9586ee1816b2f35e54b57bd4568dfaf327e42,work/handoff/PROJECT_STATE_PRE_EXECUTION_REVIEW_01.md
01_PROGRAM/handoff_baseline/REJECTED_IDEAS.md,2263,02dcfbce99553738fe3332076bd41148e587a8effdac1279fa5970999043c6a9,work/handoff/REJECTED_IDEAS.md
01_PROGRAM/handoff_baseline/REPRODUCIBILITY_STATUS.md,3519,de9a690c065a5baff473c66ba8c85698f15ca5912d0555297ebc1a96cb89a402,work/handoff/REPRODUCIBILITY_STATUS.md
01_PROGRAM/handoff_baseline/RESEARCH_READING/CROSSREF_METADATA_VERIFICATION.json,57171,c53647a19f0c727cdce46a1e8bd1dc69824a1a16ed7d1daad7c7dbeb42d8ce5e,work/handoff/RESEARCH_READING/CROSSREF_METADATA_VERIFICATION.json
01_PROGRAM/handoff_baseline/RESEARCH_READING/EVIDENCE_LOG.md,3348,7b960ca1f03a19d448a2a0f3abad9114de21a2d80c9685065701c7a8207b559f,work/handoff/RESEARCH_READING/EVIDENCE_LOG.md
01_PROGRAM/handoff_baseline/RESEARCH_READING/EXTRACTED_UNPUBLISHED/FEM_!_Paper.txt,163179,f36a667661d8f1f49e1e70c778b6c3dadaccacd41d0571fd3d4236996d153289,work/handoff/RESEARCH_READING/EXTRACTED_UNPUBLISHED/FEM_!_Paper.txt
01_PROGRAM/handoff_baseline/RESEARCH_READING/EXTRACTED_UNPUBLISHED/FEM_2_Paper.txt,67401,fbc8e4853559dcdb6b154451651e4a395090fd3a151395633908ba97e804088b,work/handoff/RESEARCH_READING/EXTRACTED_UNPUBLISHED/FEM_2_Paper.txt
01_PROGRAM/handoff_baseline/RESEARCH_READING/EXTRACTED_UNPUBLISHED/FEM_3_Paper.txt,90305,96fb81f910599f1c04d1c829dd2de80baee271f3e6a39eb0750b58b04d7e17ce,work/handoff/RESEARCH_READING/EXTRACTED_UNPUBLISHED/FEM_3_Paper.txt
01_PROGRAM/handoff_baseline/RESEARCH_READING/EXTRACTED_UNPUBLISHED/FEM_4_Paper.txt,136494,b022874de8ddecc08816790d202fd6b0d1810ec970eb917025ce97ab897dd61c,work/handoff/RESEARCH_READING/EXTRACTED_UNPUBLISHED/FEM_4_Paper.txt
01_PROGRAM/handoff_baseline/RESEARCH_READING/EXTRACTED_UNPUBLISHED/FEM_5_Paper.txt,103022,2b16492623cddc2b3cdfbba290a5bcca93dd91c98977c00902b96d43a47597cc,work/handoff/RESEARCH_READING/EXTRACTED_UNPUBLISHED/FEM_5_Paper.txt
01_PROGRAM/handoff_baseline/RESEARCH_READING/EXTRACTED_UNPUBLISHED/GK_heat_Paper.txt,141444,940a5888ed0de0a327bcfa395ba7e0c89f420821fd03d56359ccded30e9eff1d,work/handoff/RESEARCH_READING/EXTRACTED_UNPUBLISHED/GK_heat_Paper.txt
01_PROGRAM/handoff_baseline/RESEARCH_READING/EXTRACTED_UNPUBLISHED/Quasi_crystal_Paper.txt,108804,604baca5ebccd373acf35442293a1885897834674530d9dfc4dca9128e685e02,work/handoff/RESEARCH_READING/EXTRACTED_UNPUBLISHED/Quasi_crystal_Paper.txt
01_PROGRAM/handoff_baseline/RESEARCH_READING/PROJECT_STATE_READING_01.md,7486,c341bcaced96ee09d560dc8219ffef752bfd42e52b746e6dd94d26c44017d709,work/handoff/RESEARCH_READING/PROJECT_STATE_READING_01.md
01_PROGRAM/handoff_baseline/RESEARCH_READING/PROJECT_STATE_READING_02.md,10082,13990ed7772d1d505df54b4c90e29ebeb54f1ac4faccea13e82e000a89b76403,work/handoff/RESEARCH_READING/PROJECT_STATE_READING_02.md
01_PROGRAM/handoff_baseline/RESEARCH_READING/PROJECT_STATE_READING_03.md,6351,a151260c724bab72d03c38085411f74424a4d27719a9ab1bb9dbef95e27c88fb,work/handoff/RESEARCH_READING/PROJECT_STATE_READING_03.md
01_PROGRAM/handoff_baseline/RESEARCH_READING/PUBLISHED_FULLTEXT_RETRIEVAL.json,7592,f800a7ca2d7bd2c0dc6e74a742b5fb358cc76196d57b83df56f0161f9c0d59ec,work/handoff/RESEARCH_READING/PUBLISHED_FULLTEXT_RETRIEVAL.json
01_PROGRAM/handoff_baseline/RESEARCH_READING/PUBLISHED_PAPERS_INVENTORY.csv,19427,87008211f128118498d51406a7ff0c08c5253fdd3c6ef98eb7ac252daf36ae75,work/handoff/RESEARCH_READING/PUBLISHED_PAPERS_INVENTORY.csv
01_PROGRAM/handoff_baseline/RESEARCH_READING/PUBLISHED_PAPERS_INVENTORY.json,34176,dc255e0d7fe379272d1df4e136244f225db12b76d8223c077d958d9ce5fd390d,work/handoff/RESEARCH_READING/PUBLISHED_PAPERS_INVENTORY.json
01_PROGRAM/handoff_baseline/RESEARCH_READING/PUBLISHED_READING_EXTRACTS.json,137316,fbd51c436161eaff4a299a240e65e1d79523c4eba595fdebbb20576860dc2941,work/handoff/RESEARCH_READING/PUBLISHED_READING_EXTRACTS.json
01_PROGRAM/handoff_baseline/RESEARCH_READING/PUBLISHED_WORKBOOK_CONTENTS.json,67632,d578099afa35c89b3ef10ed0a742b74b7d250ff58b2015593e36dc4868be3a8b,work/handoff/RESEARCH_READING/PUBLISHED_WORKBOOK_CONTENTS.json
01_PROGRAM/handoff_baseline/RESEARCH_READING/READING_REPORT.md,20312,51055bfe85cffbafaae73ba9d094b987c49eb88b969a2576bc3f5fcdb228b506,work/handoff/RESEARCH_READING/READING_REPORT.md
01_PROGRAM/handoff_baseline/RESEARCH_READING/READING_STATUS.csv,16671,9ee4d6fd7dfaf5976cf05e1f5d9623ff9d8d43931d53f6dbf0c05a628e72efa7,work/handoff/RESEARCH_READING/READING_STATUS.csv
01_PROGRAM/handoff_baseline/RESEARCH_READING/SEARCH_LOG.md,3208,b9ac5508f031bcaaaa48a12f3fd3c52029422372a4f9e9568765b6be395e13b0,work/handoff/RESEARCH_READING/SEARCH_LOG.md
01_PROGRAM/handoff_baseline/RESEARCH_READING/SOURCE_MANIFEST.json,1093,1546830b30e6c840f6d5a5a1d36d79e595d01a4b6bf15af1bb402df22d102114,work/handoff/RESEARCH_READING/SOURCE_MANIFEST.json
01_PROGRAM/handoff_baseline/RESEARCH_READING/UNPUBLISHED_PACKAGE_INVENTORY.csv,324,56ab94182a779f3052fee3ee77c37888d4fbf499251ba944d969fa513f9a0ead,work/handoff/RESEARCH_READING/UNPUBLISHED_PACKAGE_INVENTORY.csv
01_PROGRAM/handoff_baseline/RESEARCH_READING/UNPUBLISHED_READING_EXTRACTS.json,113563,8ce8d0e538e8a655a29e6be55bcef9c8cecae033f2daf40e1dbf11c0adf94ef6,work/handoff/RESEARCH_READING/UNPUBLISHED_READING_EXTRACTS.json
01_PROGRAM/handoff_baseline/RESEARCH_READING/inspect_published_sources.py,4504,b1bcaff04880a4dedbdee98120183b8214f90aaac6ac492f1ae680320929f021,work/handoff/RESEARCH_READING/inspect_published_sources.py
01_PROGRAM/handoff_baseline/START_HERE.md,8906,f5e1cf2f7b98ab958c35c68c2dd531914b5da0b455aecf763ad163eb191e503d,work/handoff/START_HERE.md
01_PROGRAM/handoff_baseline/VALIDATION_STATUS.md,2442,52861038aa56cd26f1469a39c9a03f12d6b62da616561bed8bb1e0fe2f5ded85,work/handoff/VALIDATION_STATUS.md
01_PROGRAM/parameter_manifest.json,7580,302fc1802e471a1048451bc230e622bfd45c997d1dbc0a0456a30fe6d481bb0d,PAPER_PROJECT/16_Reproducibility/parameter_manifest.json
01_PROGRAM/restore_project_tree.py/restore_project_tree.py,4215,0857397a5720c4fa0573cf4a3816e4f3b12174b209fa0b4aaaff336a6d42905c,PAPER_PROJECT/00_Project_Control/restore_project_tree.py
01_PROGRAM/run_manifest.json,964,17704999981aa2ab2702d71276402b81d3cac91b1f87db97aea67955020efc4c,PAPER_PROJECT/16_Reproducibility/run_manifest.json
01_PROGRAM/src/cg_bromwich.py,5117,a8cdda049c95c665656f2ddc1560a6efe2f9886dbb2f2d008fabde603bc71340,PAPER_PROJECT/06_Source_Code/src/cg_bromwich.py
01_PROGRAM/src/cg_grid.py,5380,d8b34b32c656c09dedc23e22f5658c4b5881dc15cf404f617b7e532e6358d05e,PAPER_PROJECT/06_Source_Code/src/cg_grid.py
01_PROGRAM/src/cg_model.py,5666,f15578152b6374c1890886b062788b67b71105566749cd40fa24403eda89ddf1,PAPER_PROJECT/06_Source_Code/src/cg_model.py
01_PROGRAM/src/cg_ops.py,11810,f8855a5b43b2e8506938011bf1f3321276cf4e691daed6786f3c852477d853f5,PAPER_PROJECT/06_Source_Code/src/cg_ops.py
01_PROGRAM/src/cg_pipeline.py,9949,50ae282c835ca7b926779885e96d6b3aa3e1a0b9f6e21142def50e3cf4dee550,PAPER_PROJECT/06_Source_Code/src/cg_pipeline.py
01_PROGRAM/src/cg_ref1d.py,5738,80256c7f5e7ecf884898fc1bcce1cf3cf03e873d3be11f7fbd126486c55b7822,PAPER_PROJECT/06_Source_Code/src/cg_ref1d.py
01_PROGRAM/src/cg_solver.py,8184,e6b0b773cf0da46a234a8105eed97991ea9703a6ad1332cbab1aa370246eaf0d,PAPER_PROJECT/06_Source_Code/src/cg_solver.py
01_PROGRAM/src/cg_transient.py,1161,41cd9ed6d67f21c0bf789caf2c32636181c781d56afca128b4d6b6f728ee1555,PAPER_PROJECT/06_Source_Code/src/cg_transient.py
01_PROGRAM/tests/diagnostics/diag_covariance_floor.py,3303,085decfe25c03eb7b9e7c8d1ac25f80a3586b01f3f3b3b125ed43ba1f44159f5,PAPER_PROJECT/07_Tests/diagnostics/diag_covariance_floor.py
01_PROGRAM/tests/logs/TEST_RESULTS_run1.json,7378,ab5617fab40325fde3023123803b189ef4fe4e5551bc85c7f30469a12c2d28f0,PAPER_PROJECT/07_Tests/logs/TEST_RESULTS_run1.json
01_PROGRAM/tests/logs/tests_RERUN_arena_2026-10-01.log,7564,14846a200a3f3de1beac412fa0beddba81398bb5283d4277e31325d002e81cc1,PAPER_PROJECT/07_Tests/logs/tests_RERUN_arena_2026-10-01.log
01_PROGRAM/tests/logs/tests_phase7_8.log,7564,126dc67de4799cb0cd7691c8ea42187ab8eee00c5dee3cf93702a289c989b170,PAPER_PROJECT/07_Tests/logs/tests_phase7_8.log
01_PROGRAM/tests/logs/tests_phase7_8_run1.log,5999,b2f9607843d545d2b3a7ef0d3b6e6cd17853dac17d2e6e1f99adcbfb184fa4d5,PAPER_PROJECT/07_Tests/logs/tests_phase7_8_run1.log
01_PROGRAM/tests/logs/tests_phase7_8_run2_aborted_stock_solver.log,3891,f516f0d495945a00e5c958cd029edc9a21967714234e665b0beacfd9d152b793,PAPER_PROJECT/07_Tests/logs/tests_phase7_8_run2_aborted_stock_solver.log
01_PROGRAM/tests/logs/tests_phase7_8_run3_partial_gamma3p5.log,3897,e8ae1c4d2f83f121ef63bc84824c830ee8915e280095bb0dc68901890fda7ab1,PAPER_PROJECT/07_Tests/logs/tests_phase7_8_run3_partial_gamma3p5.log
01_PROGRAM/tests/logs/tests_supplement_RERUN_arena_2026-10-01.log,361,f3b2e616f21a5610fc9a7150132e8d345f6ab7a15ca72706d4e7ab3ef2189a6e,PAPER_PROJECT/07_Tests/logs/tests_supplement_RERUN_arena_2026-10-01.log
01_PROGRAM/utilities/_fmt.py,2984,77e815224749df322758f33dafe076c30c5db33b6d8ce3d630e991a9205cb834,tools/_fmt.py
01_PROGRAM/utilities/audit_tex.py,12079,d1f93751526f7f80cbc56955a800128f2a8c23a54efd39c0c1f9b2814f690100,tools/audit_tex.py
01_PROGRAM/utilities/check_crossrefs.py,2632,ba339e3fddea43851bf2aa8bd4c657a87d7676de4a73ac74a6d8b387bdc70e02,tools/check_crossrefs.py
01_PROGRAM/utilities/check_tex_commands.py,8056,c28207039c955bb6fe9a25bad0438f1f5d443382245e1bc7565e17b27c61dd37,tools/check_tex_commands.py
01_PROGRAM/utilities/compare_rerun.py,7948,c66c0a378fa97c70518b5d55dbbdbb46cfa562d0f728b95908ae15c9566f187e,tools/compare_rerun.py
01_PROGRAM/utilities/connection_audit.py,15351,dac2978e39939b63e3f393761cd141e804bc4db6a2f8282e3e67488228affccb,tools/connection_audit.py
01_PROGRAM/utilities/fix_hardcoded_root.py,2866,ef5a0ec6aabcabecdc41ca67ced4cdc98ba0b1dd667c1174edf56ae8d4044664,tools/fix_hardcoded_root.py
01_PROGRAM/utilities/md_to_pdf.py,21330,1172b549c98930f6c21e08889fceb4a110711a95e6ffaa2471b267f45401d294,tools/md_to_pdf.py
01_PROGRAM/utilities/md_to_tex.py,23524,fc8af613b2778d5e8070d831d14d2350af6fe2ab8c5ffc0b634f4c9354eb84b9,tools/md_to_tex.py
01_PROGRAM/utilities/refs_to_bib.py,7858,735fb170e2a985a2b529453c5ef7abb4e31d6a4db4dce2a3053712f77735fba8,tools/refs_to_bib.py
01_PROGRAM/utilities/renumber_crossrefs.py,4330,c4ae1b610a28b3516e8f6e17899abbbbdd4a4a474b0bb09bd5010d726a3045a5,tools/renumber_crossrefs.py
01_PROGRAM/utilities/test_md_to_tex.py,2616,6f67251f183a5344721d74954955943223f5ee962cb014eb7bc5d35901329813,tools/test_md_to_tex.py
01_PROGRAM/utilities/verify_pdf.py,9407,d86ddddfd1db883a2cf32d9db6503abff85f363e96fae8efda097e0d2842d58a,tools/verify_pdf.py
02_OVERLEAF/FINAL_REVISED_CALCULATIONS.tex,50708,465eec0f89935d01e3447866e4b2e7b3edce720eb539779e1ac5d2f5537d65b5,PAPER_PROJECT/13_Manuscript/FINAL_REVISED_CALCULATIONS.tex
02_OVERLEAF/FINAL_REVISED_MANUSCRIPT.tex,107899,ac1f2063e9bc4bbed323916abb55099210a084f6c5a56252be7df78ad65dccc4,PAPER_PROJECT/13_Manuscript/FINAL_REVISED_MANUSCRIPT.tex
02_OVERLEAF/FINAL_REVISED_REFERENCES.bib,20714,f1d164083a14f40332f92b6e398bb7770cbd52c5da16e4b0e9a131c111576fe5,PAPER_PROJECT/13_Manuscript/FINAL_REVISED_REFERENCES.bib
02_OVERLEAF/README.txt,735,c7dfdc03a9ff191beb1cfc44457411c7c06252a1f24e43a922360ce095225bb4,PAPER_PROJECT/13_Manuscript/figures/README.txt
02_OVERLEAF/README_OVERLEAF.md,3682,4552cf0329363dbb8506910df13fd5555d67e67906abb351d2e25fc8bc73f64c,PAPER_PROJECT/16_Reproducibility/README_OVERLEAF.md
02_OVERLEAF/figures/fig1_setup.pdf,24564,141d78578beb3ed48bb19e9396efc401cd31c626b9a733b2c878adcb3456bf22,PAPER_PROJECT/13_Manuscript/figures/fig1_setup.pdf
02_OVERLEAF/figures/fig2_phi_sweep.pdf,26799,7f77e9040109cb87be5936b1489ac98606a39a4e14ab8abd5f037994a3ffba59,PAPER_PROJECT/13_Manuscript/figures/fig2_phi_sweep.pdf
02_OVERLEAF/figures/fig3_wall_profiles.pdf,31288,40a1f0b233503e3289f8d1ba1564e5342625b4d5980a2701e155092e71915ab6,PAPER_PROJECT/13_Manuscript/figures/fig3_wall_profiles.pdf
02_OVERLEAF/figures/fig4_verification.pdf,31391,c62c88901da32d1748f7a839657e72a52c7624889bf60d4374160197357486d2,PAPER_PROJECT/13_Manuscript/figures/fig4_verification.pdf
02_OVERLEAF/figures/fig5_memory.pdf,31716,f8ade3e3bc1baafbca78f2e2cd594bd63e9b6ea575e80fe5647eb71be44c4587,PAPER_PROJECT/13_Manuscript/figures/fig5_memory.pdf
02_OVERLEAF/figures/fig6a_mesh.pdf,20008,268e7921c2a21cf255219226ff26973e46da5b9685bc5f5a021fb09f0fbcd780,PAPER_PROJECT/13_Manuscript/figures/fig6a_mesh.pdf
02_OVERLEAF/figures/fig6b_ablation.pdf,17444,6b2bf1f4c0739d0d83cb3bcb4b1e9c79cfef04f08547c892af51fed3d880f595,PAPER_PROJECT/13_Manuscript/figures/fig6b_ablation.pdf
02_OVERLEAF/figures/fig7_pulse_width.pdf,24865,ea20f702e79aaecbb67d0f36f8714432f42427697e54fac545d13372d74343e3,PAPER_PROJECT/13_Manuscript/figures/fig7_pulse_width.pdf
02_OVERLEAF/highlights.txt,366,21a22661b7aa6637ffb624e0cf8b3a847c18aa4b71f0192c76fbabcd33d80335,PAPER_PROJECT/13_Manuscript/highlights.txt
03_DATA/DATA_DICTIONARY.md,11651,568f46d44aecc77a102aa583870d04361439046745cf1c5db186acc6314dd9bc,PAPER_PROJECT/16_Reproducibility/DATA_DICTIONARY.md
03_DATA/README_DATA.md,3577,8e56396ddb76ad75b4f10aaa3584047456c1136df61b1d07083749fd4d4bc56a,PAPER_PROJECT/16_Reproducibility/README_DATA.md
03_DATA/processed/ANALYSIS_V2.json,32579,2c88206f6485d93f67f3dc318688a83663703280e0f0cd20213915180efc40c7,PAPER_PROJECT/10_Processed_Data/ANALYSIS_V2.json
03_DATA/processed/ANALYSIS_V2_TABLES.md,7945,1533b7a35d8fdead7306849338163c668f74a8c88c2495beaa1402190acfcd10,PAPER_PROJECT/10_Processed_Data/ANALYSIS_V2_TABLES.md
03_DATA/processed/CONVERGENCE_DIRS.json,1530,a55bf42659d333e8f03c9021a9167adc2c4d04a2f6f0bc2a6dd1ce91d64d8907,PAPER_PROJECT/10_Processed_Data/CONVERGENCE_DIRS.json
03_DATA/processed/CONVERGENCE_RESULTS.json,2041,521783b7f7a31cb7a694b29cb23a7e7e63a8adafb7b4bc399c1951dcd25e3234,PAPER_PROJECT/10_Processed_Data/CONVERGENCE_RESULTS.json
03_DATA/processed/CONVERGENCE_RESULTS_gamma3p5_partial.json,2925,f49ea8ce1368d88155b87d989e8d1d279486d74f439f37759805ae083cfe4f2c,PAPER_PROJECT/10_Processed_Data/CONVERGENCE_RESULTS_gamma3p5_partial.json
03_DATA/processed/PRODUCTION_PROVENANCE.csv,49081,04613382ede7535a1201f15cc5819055303a42559192173bfb8e556bdfb6791c,PAPER_PROJECT/10_Processed_Data/PRODUCTION_PROVENANCE.csv
03_DATA/raw/convergence/C2_ell_phi090_T16_g1.1.json,2347,e97b6325bffb6165ed906a833817d36f638395248c3ea77d7315edbf737b265e,PAPER_PROJECT/09_Raw_Data/convergence/C2_ell_phi090_T16_g1.1.json
03_DATA/raw/convergence/C2_ell_phi090_T16_g1.1.npz,112458,05ea7eb122e376e00c6491395b8630e2d61245468f5a3e7ed682694db2d7394c,PAPER_PROJECT/09_Raw_Data/convergence/C2_ell_phi090_T16_g1.1.npz
03_DATA/raw/convergence/C2_ell_phi090_T20_g0p9.json,2349,17008b5754fb756413e0a3673a52d8b2cf80340658aafea45f7ce620aff6874d,PAPER_PROJECT/09_Raw_Data/convergence/C2_ell_phi090_T20_g0p9.json
03_DATA/raw/convergence/C2_ell_phi090_T20_g0p9.npz,115312,d4bc7775dbcb8eb4e250572de55db9f05b392d654aa7c3d09fbe1713ed048cfe,PAPER_PROJECT/09_Raw_Data/convergence/C2_ell_phi090_T20_g0p9.npz
03_DATA/raw/convergence/C2_ell_phi090_T32_g0.6.json,2351,0f0b2e601082bba1e141f2d2f85206cef58daaf147b8e5b6e557190dbe97703e,PAPER_PROJECT/09_Raw_Data/convergence/C2_ell_phi090_T32_g0.6.json
03_DATA/raw/convergence/C2_ell_phi090_T32_g0.6.npz,123908,a643eef96682e27b2a4543899b9eb83d626e6755f03d3a2abe8ab2699515cc51,PAPER_PROJECT/09_Raw_Data/convergence/C2_ell_phi090_T32_g0.6.npz
03_DATA/raw/convergence/C3_a10_R160_CV20.json,2329,3400b43439794dfb966792e9c86aba2dfb38819ee05dba50465b61d641d1b729,PAPER_PROJECT/09_Raw_Data/convergence/C3_a10_R160_CV20.json
03_DATA/raw/convergence/C3_a10_R160_CV20.npz,116198,128e1f57faa9fbe11303ecc96835441ff69e4b6cb304dbbca90bfb30b6b2303f,PAPER_PROJECT/09_Raw_Data/convergence/C3_a10_R160_CV20.npz
03_DATA/raw/convergence/C3_a10_R160_F.json,2308,e4abdaae37e9dcf4a2d27502b44e04f683968e0ac6e1070b45d953cc453e4292,PAPER_PROJECT/09_Raw_Data/convergence/C3_a10_R160_F.json
03_DATA/raw/convergence/C3_a10_R160_F.npz,115991,f443574c514b536ec422eac3150a2adb334270839b7442c006bfe7876d531821,PAPER_PROJECT/09_Raw_Data/convergence/C3_a10_R160_F.npz
03_DATA/raw/convergence/C3_a10_R80_CV20.json,2320,a5fe30998d0bdd7553c0ec64b7a2e61f9687cdd41f53d2de8f0fa54c65928bf3,PAPER_PROJECT/09_Raw_Data/convergence/C3_a10_R80_CV20.json
03_DATA/raw/convergence/C3_a10_R80_CV20.npz,115518,aa11df807fd166e8eb467f6207b4af2705807adabdcff06649a748de19d2403f,PAPER_PROJECT/09_Raw_Data/convergence/C3_a10_R80_CV20.npz
03_DATA/raw/convergence/C3_a10_R80_F.json,2308,d40adc1a041cf517eafe4dc5d62cf22fcc98bb11889b0760a67199d7645c1b48,PAPER_PROJECT/09_Raw_Data/convergence/C3_a10_R80_F.json
03_DATA/raw/convergence/C3_a10_R80_F.npz,115296,9ab1c4f351292d25883b057f7888e3e5a0fcff5b33aff400ca6c755516392907,PAPER_PROJECT/09_Raw_Data/convergence/C3_a10_R80_F.npz
03_DATA/raw/convergence/C3_a50_R160_CV20.json,2368,26691696e04c21a462aa43539302b95b93e971a1a5ebacc8e41f2346d3a4969f,PAPER_PROJECT/09_Raw_Data/convergence/C3_a50_R160_CV20.json
03_DATA/raw/convergence/C3_a50_R160_CV20.npz,116293,e0511578a0bb45b774a2fe777e52963a9053b7369e8112c61f04ecb5a7d42a93,PAPER_PROJECT/09_Raw_Data/convergence/C3_a50_R160_CV20.npz
03_DATA/raw/convergence/C3_a50_R160_F.json,2355,99219d691bfe156703dc16d402560da5da29a305f362d1e4384aaabd47f73fbc,PAPER_PROJECT/09_Raw_Data/convergence/C3_a50_R160_F.json
03_DATA/raw/convergence/C3_a50_R160_F.npz,116288,ff2cb757475badbe20227669b01f5685c8432c24be49584a51783ff103b83ab6,PAPER_PROJECT/09_Raw_Data/convergence/C3_a50_R160_F.npz
03_DATA/raw/convergence/C3_a50_R80_CV20.json,2367,59f90210377fa15d6a3d1ff4b9cda4ed4847b5b8b56282de1525f28cfc91b1af,PAPER_PROJECT/09_Raw_Data/convergence/C3_a50_R80_CV20.json
03_DATA/raw/convergence/C3_a50_R80_CV20.npz,115395,02ff6c4e5011741d04af0bc62295d78279191e555ac153190504275e61193b9a,PAPER_PROJECT/09_Raw_Data/convergence/C3_a50_R80_CV20.npz
03_DATA/raw/convergence/C3_a50_R80_F.json,2352,3d4326e382a1914b6a8782083701c00cb31d79112ff309697cfe9378b74ef8e7,PAPER_PROJECT/09_Raw_Data/convergence/C3_a50_R80_F.json
03_DATA/raw/convergence/C3_a50_R80_F.npz,115351,c497feef9cb61a718fdf3b8fe5f72e0aba6a3d2f6038fd037eea050966170460,PAPER_PROJECT/09_Raw_Data/convergence/C3_a50_R80_F.npz
03_DATA/raw/convergence/C4_ell_phi030_Nr144_Nt72_gam5.json,2897,9db02b7a4f4e2c5acb1dc3de90c753965a8116cf933c9f06f796fda9e7059d2b,PAPER_PROJECT/09_Raw_Data/convergence/C4_ell_phi030_Nr144_Nt72_gam5.json
03_DATA/raw/convergence/C4_ell_phi030_Nr144_Nt72_gam5.npz,167883,972fc287cd24b162fa81f3736b60f4a5b895b290c8c0f1c6af0fd0e267d121f1,PAPER_PROJECT/09_Raw_Data/convergence/C4_ell_phi030_Nr144_Nt72_gam5.npz
03_DATA/raw/convergence/C4_ell_phi030_Nr192_Nt48_gam3.5.json,2368,1ff5318d5149c0476751f3b1336e4e7b5efcd8f68c082f1076aff21be4e7df9b,PAPER_PROJECT/09_Raw_Data/convergence/C4_ell_phi030_Nr192_Nt48_gam3.5.json
03_DATA/raw/convergence/C4_ell_phi030_Nr192_Nt48_gam3.5.npz,116119,2ee0413483d0cc043db8f8ed3df3d3981f344bbc58e085bd12223bec37c956da,PAPER_PROJECT/09_Raw_Data/convergence/C4_ell_phi030_Nr192_Nt48_gam3.5.npz
03_DATA/raw/convergence/C4_ell_phi030_Nr192_Nt96_gam3.5.json,3433,8ead908fa3b8f4e4f01b4bff85f822512d96b5b19c25768c9f85e2f969b84656,PAPER_PROJECT/09_Raw_Data/convergence/C4_ell_phi030_Nr192_Nt96_gam3.5.json
03_DATA/raw/convergence/C4_ell_phi030_Nr192_Nt96_gam3.5.npz,219499,12bcd7ea0973d7e48abe87cf00df72e06ed23e97dc169a5bb0f87edb930b4a7f,PAPER_PROJECT/09_Raw_Data/convergence/C4_ell_phi030_Nr192_Nt96_gam3.5.npz
03_DATA/raw/convergence/C4_ell_phi030_Nr96_Nt144_gam3.5.json,4472,334960790995baeeecefe500edca194494a66306321edabb4fc7b10cdd473364,PAPER_PROJECT/09_Raw_Data/convergence/C4_ell_phi030_Nr96_Nt144_gam3.5.json
03_DATA/raw/convergence/C4_ell_phi030_Nr96_Nt144_gam3.5.npz,322190,9989cb7fcd2b0b7093c1b1a82ba33b28f1efdf5354bcdfd5c00edb9ca6d7bfaf,PAPER_PROJECT/09_Raw_Data/convergence/C4_ell_phi030_Nr96_Nt144_gam3.5.npz
03_DATA/raw/convergence/C4_ell_phi030_Nr96_Nt48_gam3.5.json,2341,8de72a2dde6bb2652d4c0b65deb3954ef937bca49e16552fb5b246d86b903840,PAPER_PROJECT/09_Raw_Data/convergence/C4_ell_phi030_Nr96_Nt48_gam3.5.json
03_DATA/raw/convergence/C4_ell_phi030_Nr96_Nt48_gam3.5.npz,115128,97c79994e308f98f6e7898f43356f2fb2bc9b320a516bd143d938a2688b7fa0c,PAPER_PROJECT/09_Raw_Data/convergence/C4_ell_phi030_Nr96_Nt48_gam3.5.npz
03_DATA/raw/convergence/C4_ell_phi030_Nr96_Nt48_gam5.json,2375,cc1e0147f4df038c16d602f932dda5b5b751b8acab4753583230c4001be2daa4,PAPER_PROJECT/09_Raw_Data/convergence/C4_ell_phi030_Nr96_Nt48_gam5.json
03_DATA/raw/convergence/C4_ell_phi030_Nr96_Nt48_gam5.npz,115403,c6d4adccd8e3927e921f0135e6c7e7bb09c618812e22fd85f7832910ea04cac3,PAPER_PROJECT/09_Raw_Data/convergence/C4_ell_phi030_Nr96_Nt48_gam5.npz
03_DATA/raw/convergence/C4_ell_phi030_Nr96_Nt48_gam6.5.json,2373,e871eb46717ccf916725dc5f20dd5fbf148da80640dad7f2ceb5ee8b37953187,PAPER_PROJECT/09_Raw_Data/convergence/C4_ell_phi030_Nr96_Nt48_gam6.5.json
03_DATA/raw/convergence/C4_ell_phi030_Nr96_Nt48_gam6.5.npz,115706,627817d4562d35643a7e071e08e319ff40f3add867700d5c7a24a79c5859463d,PAPER_PROJECT/09_Raw_Data/convergence/C4_ell_phi030_Nr96_Nt48_gam6.5.npz
03_DATA/raw/convergence/C4_ell_phi030_Nr96_Nt96_gam3.5.json,3407,bf74998553da85fbc7662cd1005227bcfcd840f777e9c12a29d879964f2dee66,PAPER_PROJECT/09_Raw_Data/convergence/C4_ell_phi030_Nr96_Nt96_gam3.5.json
03_DATA/raw/convergence/C4_ell_phi030_Nr96_Nt96_gam3.5.npz,218534,2b2ddad692d07e9ec4c09372a0a62fa68ec555470fa223d778598d9db82bc4e2,PAPER_PROJECT/09_Raw_Data/convergence/C4_ell_phi030_Nr96_Nt96_gam3.5.npz
03_DATA/raw/convergence/C4_ell_phi030_Nr96_Nt96_gam5.json,3417,6cda78acbbc7b86ff388c45144b73fddf8015ea169edc377438b606721084b99,PAPER_PROJECT/09_Raw_Data/convergence/C4_ell_phi030_Nr96_Nt96_gam5.json
03_DATA/raw/convergence/C4_ell_phi030_Nr96_Nt96_gam5.npz,218976,d746becf7c45e14ee66c1595dc4b036c244548228f47c2a8b1db3a020787d6ff,PAPER_PROJECT/09_Raw_Data/convergence/C4_ell_phi030_Nr96_Nt96_gam5.npz
03_DATA/raw/convergence_gamma3p5/C1_circ_phi000_CV5_g48.json,1733,f3db59c054274c26dbe54487c940d9cc9653640d26146873a40a983693867536,PAPER_PROJECT/09_Raw_Data/convergence_gamma3p5/C1_circ_phi000_CV5_g48.json
03_DATA/raw/convergence_gamma3p5/C1_circ_phi000_CV5_g48.npz,53496,cc43ae967f4d930be1684bbbf16cf6ca3efdfeeae7081767f575a5746e4cfc99,PAPER_PROJECT/09_Raw_Data/convergence_gamma3p5/C1_circ_phi000_CV5_g48.npz
03_DATA/raw/convergence_gamma3p5/C1_circ_phi000_CV5_g96.json,2250,08e63d529b3ab78f9f35b8aa42d12d6042cefda2374814e9ea1cc9c40f2dc898,PAPER_PROJECT/09_Raw_Data/convergence_gamma3p5/C1_circ_phi000_CV5_g96.json
03_DATA/raw/convergence_gamma3p5/C1_circ_phi000_CV5_g96.npz,115029,3350ea44e5bc913959388227efd4b7816030c76c487db7170588b15906b146cc,PAPER_PROJECT/09_Raw_Data/convergence_gamma3p5/C1_circ_phi000_CV5_g96.npz
03_DATA/raw/convergence_gamma3p5/C1_circ_phi000_F_g192.json,3290,cf6d8e1781a5df87c6d8677532a997019aa091ff04b4e5a5527b5f1bde49c64a,PAPER_PROJECT/09_Raw_Data/convergence_gamma3p5/C1_circ_phi000_F_g192.json
03_DATA/raw/convergence_gamma3p5/C1_circ_phi000_F_g192.npz,219484,fdc9ce2c83b47a5e9fabec233f60c5dd76a12bd24952e2504e4b1b4ff7b65df7,PAPER_PROJECT/09_Raw_Data/convergence_gamma3p5/C1_circ_phi000_F_g192.npz
03_DATA/raw/convergence_gamma3p5/C1_circ_phi000_F_g48.json,1719,a82335f8f06fd08e299ad039962bd39341ea6f22f04e1760fc43546e91961f57,PAPER_PROJECT/09_Raw_Data/convergence_gamma3p5/C1_circ_phi000_F_g48.json
03_DATA/raw/convergence_gamma3p5/C1_circ_phi000_F_g48.npz,53666,dadf4c90e39a152ed9fed0a394b99be135b9afc24b0c9f701f77949d2cafb929,PAPER_PROJECT/09_Raw_Data/convergence_gamma3p5/C1_circ_phi000_F_g48.npz
03_DATA/raw/convergence_gamma3p5/C1_circ_phi000_F_g96.json,2237,4a7fe41a476daea648c6b0dc84ff1bb36ac4445906bb739241163627aaebb372,PAPER_PROJECT/09_Raw_Data/convergence_gamma3p5/C1_circ_phi000_F_g96.json
03_DATA/raw/convergence_gamma3p5/C1_circ_phi000_F_g96.npz,114976,c0cfb198b2f7cf7fd18a8205802ee294a435fd3835546446cea8d3bc33f5024b,PAPER_PROJECT/09_Raw_Data/convergence_gamma3p5/C1_circ_phi000_F_g96.npz
03_DATA/raw/convergence_gamma3p5/C1_ell_phi000_F_g192.json,3364,7ac75272ad2aed62694fe77227b77120b5ab892b7911597c21e28475871455a0,PAPER_PROJECT/09_Raw_Data/convergence_gamma3p5/C1_ell_phi000_F_g192.json
03_DATA/raw/convergence_gamma3p5/C1_ell_phi000_F_g192.npz,219528,7294481de8be72b62abe114a1d04170f6fe9234e2593bdb86fc939a051a7ad63,PAPER_PROJECT/09_Raw_Data/convergence_gamma3p5/C1_ell_phi000_F_g192.npz
03_DATA/raw/convergence_gamma3p5/C1_ell_phi000_F_g48.json,1734,42dd3bfcc04ba71701c2a5a2e4af404b7169b20d04e8722a119035027936b8a7,PAPER_PROJECT/09_Raw_Data/convergence_gamma3p5/C1_ell_phi000_F_g48.json
03_DATA/raw/convergence_gamma3p5/C1_ell_phi000_F_g48.npz,52797,9e0c16d1b83c6e8409b3811b7e76df1dda03b45ae7f62d9f7cfb74cb0e3785d3,PAPER_PROJECT/09_Raw_Data/convergence_gamma3p5/C1_ell_phi000_F_g48.npz
03_DATA/raw/convergence_gamma3p5/C1_ell_phi000_F_g96.json,2266,d45f050dc042b807c84a82ae3b8c5ffb2af0668e5d92de8e6e2dd085638e67b1,PAPER_PROJECT/09_Raw_Data/convergence_gamma3p5/C1_ell_phi000_F_g96.json
03_DATA/raw/convergence_gamma3p5/C1_ell_phi000_F_g96.npz,115051,550061410d918fb3af03e70f24d0891f7457d5968a4747f299944bf3f4ab55ef,PAPER_PROJECT/09_Raw_Data/convergence_gamma3p5/C1_ell_phi000_F_g96.npz
03_DATA/raw/convergence_gamma3p5/C1_ell_phi030_F_g192.json,3349,1a9d13d4f3be5a82eb7cb9f7e7251f3c375bc7e6b5f38e47487c7e247625183d,PAPER_PROJECT/09_Raw_Data/convergence_gamma3p5/C1_ell_phi030_F_g192.json
03_DATA/raw/convergence_gamma3p5/C1_ell_phi030_F_g192.npz,219499,0a80f30d365527cbaba0cb2e15df707f368eead0bc5a1f28e962f20d348f2eb5,PAPER_PROJECT/09_Raw_Data/convergence_gamma3p5/C1_ell_phi030_F_g192.npz
03_DATA/raw/convergence_gamma3p5/C1_ell_phi030_F_g48.json,1734,b943f34cd7fc41d520677deff43f39c1bee7e8af8a28af8f64e61b8e415919e4,PAPER_PROJECT/09_Raw_Data/convergence_gamma3p5/C1_ell_phi030_F_g48.json
03_DATA/raw/convergence_gamma3p5/C1_ell_phi030_F_g48.npz,52999,fceee49e92e0955e894a6c7dd041a89b70c1d61b1a1f7e2d2a61ab45a0678958,PAPER_PROJECT/09_Raw_Data/convergence_gamma3p5/C1_ell_phi030_F_g48.npz
03_DATA/raw/convergence_gamma3p5/C1_ell_phi030_F_g96.json,2255,2c802310d0fc39f4d6cc53f20381636f029432440b72fd049c4aef0417fcd49b,PAPER_PROJECT/09_Raw_Data/convergence_gamma3p5/C1_ell_phi030_F_g96.json
03_DATA/raw/convergence_gamma3p5/C1_ell_phi030_F_g96.npz,115128,044bb8b3851cf863e81c9d66f870616da615db273cd0fc51a576e5fdd65730bd,PAPER_PROJECT/09_Raw_Data/convergence_gamma3p5/C1_ell_phi030_F_g96.npz
03_DATA/raw/convergence_gamma3p5/C1_ell_phi090_F_g192.json,3325,190c47d8a2ab44a6cda5356b196a122ab6e3e0592661889931429582be82e039,PAPER_PROJECT/09_Raw_Data/convergence_gamma3p5/C1_ell_phi090_F_g192.json
03_DATA/raw/convergence_gamma3p5/C1_ell_phi090_F_g192.npz,219600,30d2a97ac8232834f0271c850cb5e0324d38b8ea41dbb96f6df0395c77815707,PAPER_PROJECT/09_Raw_Data/convergence_gamma3p5/C1_ell_phi090_F_g192.npz
03_DATA/raw/convergence_gamma3p5/C1_ell_phi090_F_g48.json,1727,7cbc2b6f8b743a8f450107e973963af0fa73c4f57ac0fbce6d7988337dd90b0c,PAPER_PROJECT/09_Raw_Data/convergence_gamma3p5/C1_ell_phi090_F_g48.json
03_DATA/raw/convergence_gamma3p5/C1_ell_phi090_F_g48.npz,52800,d55f201987d452440d64daed712f8ef2fd286fd87360e96c2bdf25b3adfe7c06,PAPER_PROJECT/09_Raw_Data/convergence_gamma3p5/C1_ell_phi090_F_g48.npz
03_DATA/raw/convergence_gamma3p5/C1_ell_phi090_F_g96.json,2247,2d40d0170a5d7d144606bc42bf7b5f4078b5fd420216f90ef7f6dc67864a717c,PAPER_PROJECT/09_Raw_Data/convergence_gamma3p5/C1_ell_phi090_F_g96.json
03_DATA/raw/convergence_gamma3p5/C1_ell_phi090_F_g96.npz,115066,846d5132a68b3da6e25f4a2c906d338a5a3989e3ab743b601dcdc2825a5c510f,PAPER_PROJECT/09_Raw_Data/convergence_gamma3p5/C1_ell_phi090_F_g96.npz
03_DATA/raw/convergence_gamma3p5/C1_ell_phi150_F_g192.json,3327,b926eecfefc0ed6dc53fd7d4a1b3013fdc7c7a2674370e432b33dc0f5f44debf,PAPER_PROJECT/09_Raw_Data/convergence_gamma3p5/C1_ell_phi150_F_g192.json
03_DATA/raw/convergence_gamma3p5/C1_ell_phi150_F_g192.npz,219588,3c9b7ba0e1e96f01abd8ac8e4904ee2df4bc509228499d9960c1973a562e378e,PAPER_PROJECT/09_Raw_Data/convergence_gamma3p5/C1_ell_phi150_F_g192.npz
03_DATA/raw/convergence_gamma3p5/C1_ell_phi150_F_g48.json,1721,eae0acced48ad4efa1e8c64b6cc855a78eb98e9259f37e7e0929b6d7ece78f41,PAPER_PROJECT/09_Raw_Data/convergence_gamma3p5/C1_ell_phi150_F_g48.json
03_DATA/raw/convergence_gamma3p5/C1_ell_phi150_F_g48.npz,52907,ee6c229ce858b8be9df950e86f4077a7aa5924ce1d1e4f9675dd913af08654e1,PAPER_PROJECT/09_Raw_Data/convergence_gamma3p5/C1_ell_phi150_F_g48.npz
03_DATA/raw/convergence_gamma3p5/C1_ell_phi150_F_g96.json,2277,037235f0d18e1b597e97fc9b555ac52b51b543436846482c13fb5da5575feeec,PAPER_PROJECT/09_Raw_Data/convergence_gamma3p5/C1_ell_phi150_F_g96.json
03_DATA/raw/convergence_gamma3p5/C1_ell_phi150_F_g96.npz,115094,1a47c9690e0ee5a050d5f215de531cec46757619026c9c9c8dfc6d91ff4659b4,PAPER_PROJECT/09_Raw_Data/convergence_gamma3p5/C1_ell_phi150_F_g96.npz
03_DATA/raw/production/A_chi1_phi000_M.json,3395,c18358a209da2725ace125ecdf5a40df2bb4c85ee9680d4498b33e8c5ac2a74d,PAPER_PROJECT/09_Raw_Data/production/A_chi1_phi000_M.json
03_DATA/raw/production/A_chi1_phi000_M.npz,218855,8a7cb347374d3b397c0b2439e68fd94e14bcee913eabfd1d72e9267604554315,PAPER_PROJECT/09_Raw_Data/production/A_chi1_phi000_M.npz
03_DATA/raw/production/A_chi1_phi000_R192.json,3403,2db1e6c359b12a68f015d933fef18d2ad4896c964472e3793ea419a82483ed2f,PAPER_PROJECT/09_Raw_Data/production/A_chi1_phi000_R192.json
03_DATA/raw/production/A_chi1_phi000_R192.npz,220122,5d4a861c93939161089a81d4e1a3e43e834a1a5f59ef2d29c817b8f2df9a5645,PAPER_PROJECT/09_Raw_Data/production/A_chi1_phi000_R192.npz
03_DATA/raw/production/A_chi1_phi000_R48.json,3400,1ff28e1836a7c65735fa497ce0eca429a07ca11cb9c97cca785a44b8b7d6fd68,PAPER_PROJECT/09_Raw_Data/production/A_chi1_phi000_R48.json
03_DATA/raw/production/A_chi1_phi000_R48.npz,217753,a8660b71d64337fd3921889f5f9a32c2dae32867b42e6b63bf8639600fcebfea,PAPER_PROJECT/09_Raw_Data/production/A_chi1_phi000_R48.npz
03_DATA/raw/production/A_chi1_phi000_T48.json,2347,84fa96fe3b8ad8c3e87c8aeff9dc454d9ed83ceee7866bfa3e0f7b5c3ad4c5a8,PAPER_PROJECT/09_Raw_Data/production/A_chi1_phi000_T48.json
03_DATA/raw/production/A_chi1_phi000_T48.npz,115296,9ab1c4f351292d25883b057f7888e3e5a0fcff5b33aff400ca6c755516392907,PAPER_PROJECT/09_Raw_Data/production/A_chi1_phi000_T48.npz
03_DATA/raw/production/A_chi1_phi015_M.json,3400,0e769fcea82158803a1870b58c372f057e38e3d69d773acd6e0aad91d07ae520,PAPER_PROJECT/09_Raw_Data/production/A_chi1_phi015_M.json
03_DATA/raw/production/A_chi1_phi015_M.npz,218739,66b093cb499fc305ab0e62346fab1a3b0b0649f4f68253b5f885991e54a0e2db,PAPER_PROJECT/09_Raw_Data/production/A_chi1_phi015_M.npz
03_DATA/raw/production/A_chi1_phi015_R48.json,3399,42d1f15be1134a3b30aef05b0cfcd470ce38671e936be2feeaeb2d7bb73df590,PAPER_PROJECT/09_Raw_Data/production/A_chi1_phi015_R48.json
03_DATA/raw/production/A_chi1_phi015_R48.npz,217622,2db9ac33d4f8a6d75ee2ce7765886c54ad4c5b6af877716f42ead0e97f01b115,PAPER_PROJECT/09_Raw_Data/production/A_chi1_phi015_R48.npz
03_DATA/raw/production/A_chi1_phi030_R48.json,3396,1a5fbb99e1214af9d9ff8ca9213159cec14b9739d935f126b428f78c06473fdf,PAPER_PROJECT/09_Raw_Data/production/A_chi1_phi030_R48.json
03_DATA/raw/production/A_chi1_phi030_R48.npz,217730,9972605c341213efef7682efd69a3042ba860c7bf1d4fc8911a78afd7f195006,PAPER_PROJECT/09_Raw_Data/production/A_chi1_phi030_R48.npz
03_DATA/raw/production/A_chi1_phi045_M.json,3392,47cd906266a16b493b80584b7cbe6c4009647ec3d0a32fb350bc000a7f51244f,PAPER_PROJECT/09_Raw_Data/production/A_chi1_phi045_M.json
03_DATA/raw/production/A_chi1_phi045_M.npz,218807,b11eec709cafe446d8d2cbb831cbbc99de8abf345bea829944fdf60680910612,PAPER_PROJECT/09_Raw_Data/production/A_chi1_phi045_M.npz
03_DATA/raw/production/A_chi1_phi045_R48.json,3403,25fe156b3e6333aea1db5820f81e64ab08fac40b0d12bac94ab6658468656b92,PAPER_PROJECT/09_Raw_Data/production/A_chi1_phi045_R48.json
03_DATA/raw/production/A_chi1_phi045_R48.npz,217706,eadc64e233b6dcd920ad64110fec938c543eb0e4cf460fe7c019dc52abb291d0,PAPER_PROJECT/09_Raw_Data/production/A_chi1_phi045_R48.npz
03_DATA/raw/production/A_chi1_phi060_R48.json,3400,0dd79f32b0939eba3017cadfeee11e9578fc0d24ca0aeb1be58273a741c6abcc,PAPER_PROJECT/09_Raw_Data/production/A_chi1_phi060_R48.json
03_DATA/raw/production/A_chi1_phi060_R48.npz,217740,e630ef7add6e0b37f90b20da926397cd43dec38a7b3969b7b4631f3d43b83d8b,PAPER_PROJECT/09_Raw_Data/production/A_chi1_phi060_R48.npz
03_DATA/raw/production/A_chi1_phi075_M.json,3389,9020cb8824724d92d21b34cc67e1d87f1e8675fca37af3f1ac797a5baf5f8264,PAPER_PROJECT/09_Raw_Data/production/A_chi1_phi075_M.json
03_DATA/raw/production/A_chi1_phi075_M.npz,218809,28099b2473053deb6fa2e5cbbf2c5613c0521ca251f3bc4c84b1061b993a6fa6,PAPER_PROJECT/09_Raw_Data/production/A_chi1_phi075_M.npz
03_DATA/raw/production/A_chi1_phi075_R48.json,3406,a46a56c7f5ede31c720e7af61b9d0f681059a1535690081b15e94df5323ea635,PAPER_PROJECT/09_Raw_Data/production/A_chi1_phi075_R48.json
03_DATA/raw/production/A_chi1_phi075_R48.npz,217583,6a8e5cf8146783fd54376368171a406d4a13778b20ffec6c109a6aa3c2ebd307,PAPER_PROJECT/09_Raw_Data/production/A_chi1_phi075_R48.npz
03_DATA/raw/production/A_chi1_phi090_R48.json,3396,aa78fbbcb35d7a3d88e026fa076c844a993e787f80e6871db58e01efe8f7fd60,PAPER_PROJECT/09_Raw_Data/production/A_chi1_phi090_R48.json
03_DATA/raw/production/A_chi1_phi090_R48.npz,217655,1a60f7bbb5c748797a3e9d58576f7b16fa7993d02822e5e23d866765ccc3eebf,PAPER_PROJECT/09_Raw_Data/production/A_chi1_phi090_R48.npz
03_DATA/raw/production/A_chi1_phi105_M.json,3386,e6217161373c80754d0d2116265050752a5ecdd92caf374ed0c51d2b8711c833,PAPER_PROJECT/09_Raw_Data/production/A_chi1_phi105_M.json
03_DATA/raw/production/A_chi1_phi105_M.npz,218726,b0907894cf6f8b601795123b5e78ff7ac4f072b93d4463009a222c8ab572f51b,PAPER_PROJECT/09_Raw_Data/production/A_chi1_phi105_M.npz
03_DATA/raw/production/A_chi1_phi105_R48.json,3397,4a323ab34ff9220fcdd9bc5a1200400acf96afe18c9dc62bf1d03e33f9f1077b,PAPER_PROJECT/09_Raw_Data/production/A_chi1_phi105_R48.json
03_DATA/raw/production/A_chi1_phi105_R48.npz,217742,671d8ba68936ef778e92a8375b6ac07ff8afbeadca5229efad7c16360707606b,PAPER_PROJECT/09_Raw_Data/production/A_chi1_phi105_R48.npz
03_DATA/raw/production/A_chi1_phi120_R48.json,3409,71f7e27ff5320a8d8bfea1871f45745436d71012adb0ca741609ff9059413afc,PAPER_PROJECT/09_Raw_Data/production/A_chi1_phi120_R48.json
03_DATA/raw/production/A_chi1_phi120_R48.npz,217724,24061660780e999329c8fbefda32bbb7bc20e79bb3a7382dc30abedbdf465a63,PAPER_PROJECT/09_Raw_Data/production/A_chi1_phi120_R48.npz
03_DATA/raw/production/A_chi1_phi135_M.json,3394,cc1e510cf511542e6cc0b7b615eb2cc9241a13e39d6d539af372bee4fe73f1a7,PAPER_PROJECT/09_Raw_Data/production/A_chi1_phi135_M.json
03_DATA/raw/production/A_chi1_phi135_M.npz,218732,d34df3b4c243a6e6b84c2ce6cdb801542f7e0f163f097c3bb857892c076179c6,PAPER_PROJECT/09_Raw_Data/production/A_chi1_phi135_M.npz
03_DATA/raw/production/A_chi1_phi135_R48.json,3392,4a8a065142f9a501d4f0e63a2ef14ce4b0c1f9b040c0ed7ab9a9b1fa5f8dd67f,PAPER_PROJECT/09_Raw_Data/production/A_chi1_phi135_R48.json
03_DATA/raw/production/A_chi1_phi135_R48.npz,217851,b23bd59a9852db61eedf1bff1d1a20a4c04eebbd77dc5260992c2ddf4e720334,PAPER_PROJECT/09_Raw_Data/production/A_chi1_phi135_R48.npz
03_DATA/raw/production/A_chi1_phi150_R48.json,3399,a060907f10c2a27f8320016c5acd847507ba2d9f94c9043d19d9b0ff31d5ce07,PAPER_PROJECT/09_Raw_Data/production/A_chi1_phi150_R48.json
03_DATA/raw/production/A_chi1_phi150_R48.npz,217657,51552a92c7099bac4b697b5eddbeefa0ce53b48b6a288dfb98eaaf7908e0568e,PAPER_PROJECT/09_Raw_Data/production/A_chi1_phi150_R48.npz
03_DATA/raw/production/A_chi1_phi165_R48.json,3401,a469eaa9f33fe3bf14f0b60bd9705900173d6eaf27f4133a4c939ffa4bb13eeb,PAPER_PROJECT/09_Raw_Data/production/A_chi1_phi165_R48.json
03_DATA/raw/production/A_chi1_phi165_R48.npz,217641,369ec373325d421f67e6dc6af8e4365e03ca11d846e4ba7b4bac9a6fffaae976,PAPER_PROJECT/09_Raw_Data/production/A_chi1_phi165_R48.npz
03_DATA/raw/production/A_chi2_phi000_M.json,3433,475e941946f53bdc7c61bf44fd9a3582ce8d835141694c5e2f43f802ac1a5892,PAPER_PROJECT/09_Raw_Data/production/A_chi2_phi000_M.json
03_DATA/raw/production/A_chi2_phi000_M.npz,218938,68e00e90c1e490daa28adf0d86a92d4f248c79ae44de148bd07f820765d1e39d,PAPER_PROJECT/09_Raw_Data/production/A_chi2_phi000_M.npz
03_DATA/raw/production/A_chi2_phi000_R192.json,3449,5956d302ae2f0b6378d7d38e8502453306669c4a8a11d1c88375f3b0c6444a36,PAPER_PROJECT/09_Raw_Data/production/A_chi2_phi000_R192.json
03_DATA/raw/production/A_chi2_phi000_R192.npz,220378,225ed4adc272c8b6b330da19212b68fae11ec436e369be061752f1b3cab2a5b6,PAPER_PROJECT/09_Raw_Data/production/A_chi2_phi000_R192.npz
03_DATA/raw/production/A_chi2_phi000_R48.json,3467,d64bd515515c52f5959f4c04632606bbbe63a4864442915aaff82e842f74affb,PAPER_PROJECT/09_Raw_Data/production/A_chi2_phi000_R48.json
03_DATA/raw/production/A_chi2_phi000_R48.npz,218218,cba5d956b823d0d313e82dae0881148d3a05b171280d47d323b824bb7297752d,PAPER_PROJECT/09_Raw_Data/production/A_chi2_phi000_R48.npz
03_DATA/raw/production/A_chi2_phi000_T144.json,4504,fd91ebc2b7c3c57714e7adfff4a39363755ad3cb819e5c89a37fe03bd5ac0c22,PAPER_PROJECT/09_Raw_Data/production/A_chi2_phi000_T144.json
03_DATA/raw/production/A_chi2_phi000_T144.npz,322785,1b99cb996aea2b33655484d50de84c73bee71f3c696fe537a0bd55e67193ae67,PAPER_PROJECT/09_Raw_Data/production/A_chi2_phi000_T144.npz
03_DATA/raw/production/A_chi2_phi000_T48.json,2365,3dfb5eb317d9c234ed92cf44ef0c9c7a4ff6fac9e1a6309c0dd23572e18e6844,PAPER_PROJECT/09_Raw_Data/production/A_chi2_phi000_T48.json
03_DATA/raw/production/A_chi2_phi000_T48.npz,115347,b8cfaa3456ab19b111e4a6ac7497341cf2f71605f7ec0f8fdb1967a379416212,PAPER_PROJECT/09_Raw_Data/production/A_chi2_phi000_T48.npz
03_DATA/raw/production/A_chi2_phi015_M.json,3442,dde0546c0af42c03b3067b117c83d45947aedad177d3e016f9897449e50de04f,PAPER_PROJECT/09_Raw_Data/production/A_chi2_phi015_M.json
03_DATA/raw/production/A_chi2_phi015_M.npz,218974,a1d783244492f1c759144854f455228f99775aba78f7e44b51db7e7fb6d4adab,PAPER_PROJECT/09_Raw_Data/production/A_chi2_phi015_M.npz
03_DATA/raw/production/A_chi2_phi015_R48.json,3443,53775f9f9c29421fd11583af2ef0fc0e5a491dabfbf3536b3591c2275c735866,PAPER_PROJECT/09_Raw_Data/production/A_chi2_phi015_R48.json
03_DATA/raw/production/A_chi2_phi015_R48.npz,218104,0614469aa88e2e6de3e2e1c7d82859121c6f0d695796409d08a5d3f6730f04cb,PAPER_PROJECT/09_Raw_Data/production/A_chi2_phi015_R48.npz
03_DATA/raw/production/A_chi2_phi015_T48.json,2396,c57ccbaec4870a51b434d034e13ffa544f2736da5f95c9d42017d0c263bd3cc7,PAPER_PROJECT/09_Raw_Data/production/A_chi2_phi015_T48.json
03_DATA/raw/production/A_chi2_phi015_T48.npz,115307,bb70a6f6906a102ad0bc99706d83ed2c60cc09ffff659ed2d6ebcce10664f056,PAPER_PROJECT/09_Raw_Data/production/A_chi2_phi015_T48.npz
03_DATA/raw/production/A_chi2_phi030_M.json,3433,df548c3c2a252dbe7728e163f4a6e86986f775b4a21199b6002d34973f2293a3,PAPER_PROJECT/09_Raw_Data/production/A_chi2_phi030_M.json
03_DATA/raw/production/A_chi2_phi030_M.npz,218976,d746becf7c45e14ee66c1595dc4b036c244548228f47c2a8b1db3a020787d6ff,PAPER_PROJECT/09_Raw_Data/production/A_chi2_phi030_M.npz
03_DATA/raw/production/A_chi2_phi030_R192.json,3460,897a1f51c902ff35ff53836b69265b4ded2c1a63676075bb8035cfc9fe5ea936,PAPER_PROJECT/09_Raw_Data/production/A_chi2_phi030_R192.json
03_DATA/raw/production/A_chi2_phi030_R192.npz,220164,7a547ceb2b7dc5a2404c719fb84db7d8fdcd67dd93ea399d7172b9e950cd28f9,PAPER_PROJECT/09_Raw_Data/production/A_chi2_phi030_R192.npz
03_DATA/raw/production/A_chi2_phi030_R48.json,3432,16c202193a7b855cecaa8c29cbedc3146b874a8b86736f621b2dd5e1282924e3,PAPER_PROJECT/09_Raw_Data/production/A_chi2_phi030_R48.json
03_DATA/raw/production/A_chi2_phi030_R48.npz,218121,7932dda0de67197a408c8afa00a5801637cf77f19c07386ec80cdf4d8f155345,PAPER_PROJECT/09_Raw_Data/production/A_chi2_phi030_R48.npz
03_DATA/raw/production/A_chi2_phi030_T144.json,4501,5b348db3a6fe3b99505938a4dd5b3d273493f878b6c644765f26fcbaaf471ded,PAPER_PROJECT/09_Raw_Data/production/A_chi2_phi030_T144.json
03_DATA/raw/production/A_chi2_phi030_T144.npz,322753,eb80bf83d995f73143ae03a421f0057202f70992fba4d4b247fdaffe0cc0d11b,PAPER_PROJECT/09_Raw_Data/production/A_chi2_phi030_T144.npz
03_DATA/raw/production/A_chi2_phi030_T48.json,2395,ff392438906cd25984b410e68c4dec528e968f968cc6876edcce2ea317879ff6,PAPER_PROJECT/09_Raw_Data/production/A_chi2_phi030_T48.json
03_DATA/raw/production/A_chi2_phi030_T48.npz,115403,c6d4adccd8e3927e921f0135e6c7e7bb09c618812e22fd85f7832910ea04cac3,PAPER_PROJECT/09_Raw_Data/production/A_chi2_phi030_T48.npz
03_DATA/raw/production/A_chi2_phi045_M.json,3437,b54a72c01588a43a74c36eff3c6013585968be0c518a8fed2a585548c6841b16,PAPER_PROJECT/09_Raw_Data/production/A_chi2_phi045_M.json
03_DATA/raw/production/A_chi2_phi045_M.npz,218851,6af81ee65adb3ecba2cc334841916452c53fcaa3743ce46665e6d9ca6201f63b,PAPER_PROJECT/09_Raw_Data/production/A_chi2_phi045_M.npz
03_DATA/raw/production/A_chi2_phi045_R48.json,3415,ede15d5385390d895283511fc6c4f0399487463ed653354ab148c890377d64aa,PAPER_PROJECT/09_Raw_Data/production/A_chi2_phi045_R48.json
03_DATA/raw/production/A_chi2_phi045_R48.npz,218204,5064699f17a76753cc55e92e356dc266d57024095239f8f269105221b0269732,PAPER_PROJECT/09_Raw_Data/production/A_chi2_phi045_R48.npz
03_DATA/raw/production/A_chi2_phi045_T48.json,2380,a7413cb877d953a1d0593ee3eaab649aac29f185030e2590e88062bee37cf0aa,PAPER_PROJECT/09_Raw_Data/production/A_chi2_phi045_T48.json
03_DATA/raw/production/A_chi2_phi045_T48.npz,115292,319cb17d2f62cc23a232ec6631000b81084b1a22429ccfde83c726fca1738a96,PAPER_PROJECT/09_Raw_Data/production/A_chi2_phi045_T48.npz
03_DATA/raw/production/A_chi2_phi060_M.json,3408,805feb7dd67e37518023f233b318bace4dd867561ccc546f9fa13ebb70290cab,PAPER_PROJECT/09_Raw_Data/production/A_chi2_phi060_M.json
03_DATA/raw/production/A_chi2_phi060_M.npz,218741,785e6968a569c74fba163c7f317e9944b1e4c900eda726a6c695e8dc4387c8b3,PAPER_PROJECT/09_Raw_Data/production/A_chi2_phi060_M.npz
03_DATA/raw/production/A_chi2_phi060_R192.json,3413,533501fec626f694781f01137a18e2f69dad983f8c3875ce2090447782b8095e,PAPER_PROJECT/09_Raw_Data/production/A_chi2_phi060_R192.json
03_DATA/raw/production/A_chi2_phi060_R192.npz,220118,a54672883d6954e624555bb808f6541ecd7b5468eb85b54867cbb89350340a62,PAPER_PROJECT/09_Raw_Data/production/A_chi2_phi060_R192.npz
03_DATA/raw/production/A_chi2_phi060_R48.json,3425,7cc92050fa03442268e0a12bc5e82b7365b516cbbc49c0ee6712513989b1c669,PAPER_PROJECT/09_Raw_Data/production/A_chi2_phi060_R48.json
03_DATA/raw/production/A_chi2_phi060_R48.npz,218141,7abd5288ce05e4339b7772c8692a87e1d998c14a0b179312afb0c0f51549b3f0,PAPER_PROJECT/09_Raw_Data/production/A_chi2_phi060_R48.npz
03_DATA/raw/production/A_chi2_phi060_T144.json,4467,d074e4ab62e2334d027ba2fa67443b7df2c82ec98d136dd6b4e03536b54d135f,PAPER_PROJECT/09_Raw_Data/production/A_chi2_phi060_T144.json
03_DATA/raw/production/A_chi2_phi060_T144.npz,322592,1b1ec05081eca55889205ead369ec68c7a2a266880c23e50e7d6709340c965cb,PAPER_PROJECT/09_Raw_Data/production/A_chi2_phi060_T144.npz
03_DATA/raw/production/A_chi2_phi060_T48.json,2348,f6f7e93df60c03d4c9717110431b1a9b0449a5dc75a4b2fa0ad39443d7961622,PAPER_PROJECT/09_Raw_Data/production/A_chi2_phi060_T48.json
03_DATA/raw/production/A_chi2_phi060_T48.npz,115359,1d1b80bbcd23b51e27220a15edb2b5804e62aff58a0f829d6e3d9e684edad933,PAPER_PROJECT/09_Raw_Data/production/A_chi2_phi060_T48.npz
03_DATA/raw/production/A_chi2_phi075_M.json,3419,3bc7eb7ae4460d4d317ed32247b3839f733b779c87fe778e1e023d00911bde09,PAPER_PROJECT/09_Raw_Data/production/A_chi2_phi075_M.json
03_DATA/raw/production/A_chi2_phi075_M.npz,218907,828df88aa61f8ad78be4ee744b9bc02736da236a0efbce8cefa2727edbc3d4b4,PAPER_PROJECT/09_Raw_Data/production/A_chi2_phi075_M.npz
03_DATA/raw/production/A_chi2_phi075_R48.json,3404,2ca304062a5ec52da3aaf9f8f22866e93bb7baa4bd3a2938c929866d21dbb2d2,PAPER_PROJECT/09_Raw_Data/production/A_chi2_phi075_R48.json
03_DATA/raw/production/A_chi2_phi075_R48.npz,218108,1e5fb5a796d1f275e423f5f0736f48e50c128a45335acc976629e22775d2ee4e,PAPER_PROJECT/09_Raw_Data/production/A_chi2_phi075_R48.npz
03_DATA/raw/production/A_chi2_phi075_T48.json,2380,50ac66e9048ef089e2101e2aac73af80979c216512ce49e6541ca936ca0c6959,PAPER_PROJECT/09_Raw_Data/production/A_chi2_phi075_T48.json
03_DATA/raw/production/A_chi2_phi075_T48.npz,115344,80b9365304d4e4d60856707adc1b28eef304d92cfeaa8f1ed5133ef021989d41,PAPER_PROJECT/09_Raw_Data/production/A_chi2_phi075_T48.npz
03_DATA/raw/production/A_chi2_phi090_M.json,3422,2c15467fb2969f2a9e0d2702ca42edf7f48cf267a2171293e2259042d12cccc9,PAPER_PROJECT/09_Raw_Data/production/A_chi2_phi090_M.json
03_DATA/raw/production/A_chi2_phi090_M.npz,218862,0d5ec9832379c3b3fbe40f89799465963d7e5fd9c6f5ee9243e500dadd966f7b,PAPER_PROJECT/09_Raw_Data/production/A_chi2_phi090_M.npz
03_DATA/raw/production/A_chi2_phi090_R192.json,3427,313c717536e087906b403e827420ccb892e24a439ebb256b427ccc1ad3a02e63,PAPER_PROJECT/09_Raw_Data/production/A_chi2_phi090_R192.json
03_DATA/raw/production/A_chi2_phi090_R192.npz,220069,8babc5d56ad8caaa3a4f9fe2bdfa96df27698c2cf1752494538846155c1cae9b,PAPER_PROJECT/09_Raw_Data/production/A_chi2_phi090_R192.npz
03_DATA/raw/production/A_chi2_phi090_R48.json,3393,4a1ceb19ef22bb1c9de9b9c60b3bb06b051ef20704f8caf57779b32106e86409,PAPER_PROJECT/09_Raw_Data/production/A_chi2_phi090_R48.json
03_DATA/raw/production/A_chi2_phi090_R48.npz,218073,9bfa7298f3d32aab3e1ec19f2c383c8ab7e1b5c159ba68095e69f66767290e30,PAPER_PROJECT/09_Raw_Data/production/A_chi2_phi090_R48.npz
03_DATA/raw/production/A_chi2_phi090_T144.json,4474,4163d656f3f8fca6758a2060aca66ed4f699d6c4180a59ac037a74569a93c655,PAPER_PROJECT/09_Raw_Data/production/A_chi2_phi090_T144.json
03_DATA/raw/production/A_chi2_phi090_T144.npz,322601,fe14c2d8621778c44e2b8f2966792a417eb29da177c6b7d35d0c7b3ac72f173c,PAPER_PROJECT/09_Raw_Data/production/A_chi2_phi090_T144.npz
03_DATA/raw/production/A_chi2_phi090_T48.json,2377,84ba8dc03d653caebcf9a99c573c2b037b568d5f86c5842da7220a3b33c8091d,PAPER_PROJECT/09_Raw_Data/production/A_chi2_phi090_T48.json
03_DATA/raw/production/A_chi2_phi090_T48.npz,115312,d4bc7775dbcb8eb4e250572de55db9f05b392d654aa7c3d09fbe1713ed048cfe,PAPER_PROJECT/09_Raw_Data/production/A_chi2_phi090_T48.npz
03_DATA/raw/production/A_chi2_phi105_M.json,3432,9238c65f8fff3a185e98acc5c2864027726fac7d48c4a1a2fd06bfec0e8b92ff,PAPER_PROJECT/09_Raw_Data/production/A_chi2_phi105_M.json
03_DATA/raw/production/A_chi2_phi105_M.npz,218886,fa2765612c375ad860e69722a74e85b825509457685b433e9750bbbc29b68bc2,PAPER_PROJECT/09_Raw_Data/production/A_chi2_phi105_M.npz
03_DATA/raw/production/A_chi2_phi105_R48.json,3425,02efd2ba9f0e84386f72a2576272f60d0fb55dee3548d4fac5493991fd722212,PAPER_PROJECT/09_Raw_Data/production/A_chi2_phi105_R48.json
03_DATA/raw/production/A_chi2_phi105_R48.npz,218054,08ffcd077f8b3cc14ec746cc249cc60db88d9868e8cafadd2f1f35e64c0d7189,PAPER_PROJECT/09_Raw_Data/production/A_chi2_phi105_R48.npz
03_DATA/raw/production/A_chi2_phi105_T48.json,2383,ecf866836bbeab6b8cefc0fa137498bb20f37db8d1698a56d4f431dfaa268641,PAPER_PROJECT/09_Raw_Data/production/A_chi2_phi105_T48.json
03_DATA/raw/production/A_chi2_phi105_T48.npz,115373,9588c7007198ca439363677980de35a6416b73f879a386f3a642a9f380fde1ca,PAPER_PROJECT/09_Raw_Data/production/A_chi2_phi105_T48.npz
03_DATA/raw/production/A_chi2_phi120_M.json,3414,ff18ffebb21c927104999168a1d2f9db42bbedbdb5d470ddb39e56c9908ae3c7,PAPER_PROJECT/09_Raw_Data/production/A_chi2_phi120_M.json
03_DATA/raw/production/A_chi2_phi120_M.npz,218876,5de04e670b502a2774836eb88fdeaddc7994c7bc5906e680b9a8bd1f7ba33399,PAPER_PROJECT/09_Raw_Data/production/A_chi2_phi120_M.npz
03_DATA/raw/production/A_chi2_phi120_R192.json,3414,2d3d006f5052e1f6fa378bc59e1213e3c896d2958439a2e8d94189c0ef193e13,PAPER_PROJECT/09_Raw_Data/production/A_chi2_phi120_R192.json
03_DATA/raw/production/A_chi2_phi120_R192.npz,220203,c44fadaa6aba815c8943a09847863f90d11d5f2fc1e4800cc6672685b9b70e32,PAPER_PROJECT/09_Raw_Data/production/A_chi2_phi120_R192.npz
03_DATA/raw/production/A_chi2_phi120_R48.json,3443,40e9f3eb246f41161d7d8b8fe0fccb4b1d0f6940a4d7ed87d3e7a0417a24f82d,PAPER_PROJECT/09_Raw_Data/production/A_chi2_phi120_R48.json
03_DATA/raw/production/A_chi2_phi120_R48.npz,218076,4eef26714dd0e01560f68dd42d36856e2921f85b2c82502fba44bf3ef32f6bd7,PAPER_PROJECT/09_Raw_Data/production/A_chi2_phi120_R48.npz
03_DATA/raw/production/A_chi2_phi120_T144.json,4465,98fe03c83bb4c8928c648747924245a426da55b3b8b32598b13a147fc628814e,PAPER_PROJECT/09_Raw_Data/production/A_chi2_phi120_T144.json
03_DATA/raw/production/A_chi2_phi120_T144.npz,322807,2d06ff8af28b87a0d353f6670f9a64a5e9c138caa9103b12d77153fd87baa22f,PAPER_PROJECT/09_Raw_Data/production/A_chi2_phi120_T144.npz
03_DATA/raw/production/A_chi2_phi120_T48.json,2359,66e75f89f069482a3a2878decde5e4926d86c80a58f709bc7db4ea89b949144f,PAPER_PROJECT/09_Raw_Data/production/A_chi2_phi120_T48.json
03_DATA/raw/production/A_chi2_phi120_T48.npz,115340,fe4fb6417115b13be15f3cd10bb21130cc6d43b9c83cde0d05177e7650459cdc,PAPER_PROJECT/09_Raw_Data/production/A_chi2_phi120_T48.npz
03_DATA/raw/production/A_chi2_phi135_M.json,3432,13f771879bb61a33e5cadbf6abed105f6554aaa65377ff70756afcae6d1354e1,PAPER_PROJECT/09_Raw_Data/production/A_chi2_phi135_M.json
03_DATA/raw/production/A_chi2_phi135_M.npz,219021,6672c671243c7accc33d8cfe59a99ffd671da83ccf704b4ecc2c42bb3e4d97e9,PAPER_PROJECT/09_Raw_Data/production/A_chi2_phi135_M.npz
03_DATA/raw/production/A_chi2_phi135_R48.json,3420,b9d582eb8c5f356aeda126e83a28b9aacfceca93e0d1d6382b6eb106143dc20e,PAPER_PROJECT/09_Raw_Data/production/A_chi2_phi135_R48.json
03_DATA/raw/production/A_chi2_phi135_R48.npz,218174,7832dcde3490fa953d0d4041b1ffd2211a6e4d287650b24cf0d9f796bb939465,PAPER_PROJECT/09_Raw_Data/production/A_chi2_phi135_R48.npz
03_DATA/raw/production/A_chi2_phi135_T48.json,2369,c1687d9172ccf649ead41b9a95166e25e26e66c24ed2633426e5696c5c4d5e38,PAPER_PROJECT/09_Raw_Data/production/A_chi2_phi135_T48.json
03_DATA/raw/production/A_chi2_phi135_T48.npz,115365,a9bfbc1222781250cf568fcd1fe504d6c47797b25484e63419453b4f14a2b2a1,PAPER_PROJECT/09_Raw_Data/production/A_chi2_phi135_T48.npz
03_DATA/raw/production/A_chi2_phi150_M.json,3453,38c02315542bf081c99d180f8bf58a40b523d304315e108c564411471b9e8462,PAPER_PROJECT/09_Raw_Data/production/A_chi2_phi150_M.json
03_DATA/raw/production/A_chi2_phi150_M.npz,219042,fd70bdf0ae2f237e105ca4f1f8bf60fa54a7bb0a8ef214821d30ecc2459564d6,PAPER_PROJECT/09_Raw_Data/production/A_chi2_phi150_M.npz
03_DATA/raw/production/A_chi2_phi150_R192.json,3456,88106b3bd83c713644f13782f7b79201cc6dae071784bee83365795f5f60e280,PAPER_PROJECT/09_Raw_Data/production/A_chi2_phi150_R192.json
03_DATA/raw/production/A_chi2_phi150_R192.npz,220197,6952c1e5c422b352c21838d2bf26c6e91a2e42791283153c09dac146edcdee22,PAPER_PROJECT/09_Raw_Data/production/A_chi2_phi150_R192.npz
03_DATA/raw/production/A_chi2_phi150_R48.json,3437,3958d6c47f0c38cc4fa2f7faabf35546b507738c295b314424f5569d61ccbef4,PAPER_PROJECT/09_Raw_Data/production/A_chi2_phi150_R48.json
03_DATA/raw/production/A_chi2_phi150_R48.npz,218224,098a8f285d7d5bfbcfc3233a7d0b7efe804f07593f474486816eec47d16c5b71,PAPER_PROJECT/09_Raw_Data/production/A_chi2_phi150_R48.npz
03_DATA/raw/production/A_chi2_phi150_T144.json,4531,0419024f296e9747d2a8a01a34189a55d6d132f5d26ec81292285c1b605af21b,PAPER_PROJECT/09_Raw_Data/production/A_chi2_phi150_T144.json
03_DATA/raw/production/A_chi2_phi150_T144.npz,322834,f0d0df676a19c0e41f89a40bd7006034824684568892c84e4661757f9c57e614,PAPER_PROJECT/09_Raw_Data/production/A_chi2_phi150_T144.npz
03_DATA/raw/production/A_chi2_phi150_T48.json,2393,69835b68dec7bc7f366aa147d313a1c8ca2ae62ac92e565dd01df377876bf0b6,PAPER_PROJECT/09_Raw_Data/production/A_chi2_phi150_T48.json
03_DATA/raw/production/A_chi2_phi150_T48.npz,115358,1d22c90fe806ec052a22ed24ff179b112106aa0afa7fd23a2a5aa06fb9369206,PAPER_PROJECT/09_Raw_Data/production/A_chi2_phi150_T48.npz
03_DATA/raw/production/A_chi2_phi165_M.json,3467,fd36bd5463ab58bcea684ed2b5e99a812e986e275302ec7c9f79e873ccae94d8,PAPER_PROJECT/09_Raw_Data/production/A_chi2_phi165_M.json
03_DATA/raw/production/A_chi2_phi165_M.npz,218990,4f760ef1dcef8a6a8f24daa65bf7154f670f78b2aa6368759d8a0d72518bac05,PAPER_PROJECT/09_Raw_Data/production/A_chi2_phi165_M.npz
03_DATA/raw/production/A_chi2_phi165_R48.json,3466,3b770b923fe6ac62c3351cf4ddfb1abe970f3b410f3acdf5f2993063e534a484,PAPER_PROJECT/09_Raw_Data/production/A_chi2_phi165_R48.json
03_DATA/raw/production/A_chi2_phi165_R48.npz,218039,54ff65fc3efb23b4135ce60de28d986afe5a0794c877ad2d33fc069356604912,PAPER_PROJECT/09_Raw_Data/production/A_chi2_phi165_R48.npz
03_DATA/raw/production/A_chi2_phi165_T48.json,2365,ad71356cf8cda337e23a4fed7d93c073f4c0a7b6cd91835815e17ad17c9bf3bd,PAPER_PROJECT/09_Raw_Data/production/A_chi2_phi165_T48.json
03_DATA/raw/production/A_chi2_phi165_T48.npz,115328,f799f16dfaecd8e5e5b764406c673b0617461c0cd22ccc478b338c44769553c2,PAPER_PROJECT/09_Raw_Data/production/A_chi2_phi165_T48.npz
03_DATA/raw/production/B2QS_CV_L0.05_a10.json,2405,bdc369b81796b1c60132c16d1b670259b387df5be73f26b6588d6758105a9ac3,PAPER_PROJECT/09_Raw_Data/production/B2QS_CV_L0.05_a10.json
03_DATA/raw/production/B2QS_CV_L0.05_a10.npz,115418,69f5c81ea794557aa0a4ac5d6258c50a86d81e9656727771b505102467c9e3a2,PAPER_PROJECT/09_Raw_Data/production/B2QS_CV_L0.05_a10.npz
03_DATA/raw/production/B2QS_CV_L0.2_a10.json,2401,08de84a3fe52f1ed243c78ce33fb580e20af7f12a8fa606f08ca3a5a7083129f,PAPER_PROJECT/09_Raw_Data/production/B2QS_CV_L0.2_a10.json
03_DATA/raw/production/B2QS_CV_L0.2_a10.npz,115437,3cac20a2e4dacbfce636394b575e50edb8a50bb01126a4f8d5a0d87df6627a81,PAPER_PROJECT/09_Raw_Data/production/B2QS_CV_L0.2_a10.npz
03_DATA/raw/production/B2QS_CV_L0.8_a10.json,2367,19a1c023ca793414aad9e62a097719c54f6f481e46745075a00f7c810b304788,PAPER_PROJECT/09_Raw_Data/production/B2QS_CV_L0.8_a10.json
03_DATA/raw/production/B2QS_CV_L0.8_a10.npz,115484,3c3fe2a8884f308d31abc0c27e73d02c5556a68e5ba3a85de24e40a94fdc1a7a,PAPER_PROJECT/09_Raw_Data/production/B2QS_CV_L0.8_a10.npz
03_DATA/raw/production/B2QS_CV_L3.2_a10.json,2374,552153414682883c4db0c108a255610b058719e6719860f0765d72678092592c,PAPER_PROJECT/09_Raw_Data/production/B2QS_CV_L3.2_a10.json
03_DATA/raw/production/B2QS_CV_L3.2_a10.npz,115550,bcece0bf25d611b471b629131f3665db9db7811668f0e6f931714d45040bb41f,PAPER_PROJECT/09_Raw_Data/production/B2QS_CV_L3.2_a10.npz
03_DATA/raw/production/B2_CV_L0.05_a10.json,2370,9fb8d4f953dcce6209c72200fefd360734cacc3abb66def844edbce5a25e0ec2,PAPER_PROJECT/09_Raw_Data/production/B2_CV_L0.05_a10.json
03_DATA/raw/production/B2_CV_L0.05_a10.npz,115323,e4e5fd8982019c10723928b2f370096b044becc21af57ac86113e48d8e6dde9e,PAPER_PROJECT/09_Raw_Data/production/B2_CV_L0.05_a10.npz
03_DATA/raw/production/B2_CV_L0.05_a20.json,2371,428ea2ac72947bc2dcc837e71e7762a8bc4604718f5a1ddee01b7cb1d58c8bf8,PAPER_PROJECT/09_Raw_Data/production/B2_CV_L0.05_a20.json
03_DATA/raw/production/B2_CV_L0.05_a20.npz,115605,00bd2af94f43cf2ee6ca801983fb27165d04eff9175d8361ec470c3f0c04adf6,PAPER_PROJECT/09_Raw_Data/production/B2_CV_L0.05_a20.npz
03_DATA/raw/production/B2_CV_L0.05_a5.json,2367,da8b8f91c180bf22ecb2697e92143efb3fea75daeba984c4eef4b82e399a71e2,PAPER_PROJECT/09_Raw_Data/production/B2_CV_L0.05_a5.json
03_DATA/raw/production/B2_CV_L0.05_a5.npz,115315,4cc9efec21603e466b32a0273a0510e538701801debdc6b22f9a06db4e2215e9,PAPER_PROJECT/09_Raw_Data/production/B2_CV_L0.05_a5.npz
03_DATA/raw/production/B2_CV_L0.2_a10.json,2363,af62e8598654f7ea748f51e7dca688cc0fcf28ba3609a02fb14cbb122a7f291d,PAPER_PROJECT/09_Raw_Data/production/B2_CV_L0.2_a10.json
03_DATA/raw/production/B2_CV_L0.2_a10.npz,115413,9e0494a315f4eec8be39270544db38bd080bfd22dedb0998b97045147387fbed,PAPER_PROJECT/09_Raw_Data/production/B2_CV_L0.2_a10.npz
03_DATA/raw/production/B2_CV_L0.2_a20.json,2371,72efdbd7e6a2d536b3e007ba53b7dae8cc22cd8235e30b31631a25b1e0ef7482,PAPER_PROJECT/09_Raw_Data/production/B2_CV_L0.2_a20.json
03_DATA/raw/production/B2_CV_L0.2_a20.npz,115644,948b263ac11e8f925ae7d13789e036489c5e3381085efd199c964f4607b9d590,PAPER_PROJECT/09_Raw_Data/production/B2_CV_L0.2_a20.npz
03_DATA/raw/production/B2_CV_L0.2_a5.json,2364,978d159accffe3125cc966169b9c604c17e5ef7fd6f8e16fa71d86914e9a4e04,PAPER_PROJECT/09_Raw_Data/production/B2_CV_L0.2_a5.json
03_DATA/raw/production/B2_CV_L0.2_a5.npz,115331,3b4654aa7d4082d7663a82590ebd717e3273bbe0e90054a21b0eab94e576d70f,PAPER_PROJECT/09_Raw_Data/production/B2_CV_L0.2_a5.npz
03_DATA/raw/production/B2_CV_L0.8_a10.json,2368,7d3d190b55fa30e5c87d7209d9a96b2ca4ed8c1863ad3382e42ad0d2f66b4f21,PAPER_PROJECT/09_Raw_Data/production/B2_CV_L0.8_a10.json
03_DATA/raw/production/B2_CV_L0.8_a10.npz,115472,9cbf46a1030080f364c36fe09b7156d049e01348876554508e8778febdfa2a8c,PAPER_PROJECT/09_Raw_Data/production/B2_CV_L0.8_a10.npz
03_DATA/raw/production/B2_CV_L0.8_a20.json,2393,b8124eb11f572b0a7f3f93fba68a5288fef75f3026e2aac71fb0ac4b33543ad3,PAPER_PROJECT/09_Raw_Data/production/B2_CV_L0.8_a20.json
03_DATA/raw/production/B2_CV_L0.8_a20.npz,115732,7c7b58fb75bccebe2d59af6541208293c3229c94e2646bb5391321609dac339f,PAPER_PROJECT/09_Raw_Data/production/B2_CV_L0.8_a20.npz
03_DATA/raw/production/B2_CV_L0.8_a5.json,2365,4310214590301720dfa7f9d9a85aa36d705f5706304f78585c37745b0c0c59a0,PAPER_PROJECT/09_Raw_Data/production/B2_CV_L0.8_a5.json
03_DATA/raw/production/B2_CV_L0.8_a5.npz,115404,1c394278fbe482d045c4acf0860b1713c895aec84ba26dbd0b7ad1c3117dc498,PAPER_PROJECT/09_Raw_Data/production/B2_CV_L0.8_a5.npz
03_DATA/raw/production/B2_CV_L3.2_a10.json,2402,0378328a0fce637f6b3889457cc7dbb4b6144b78d06321b861179e31ef10aee1,PAPER_PROJECT/09_Raw_Data/production/B2_CV_L3.2_a10.json
03_DATA/raw/production/B2_CV_L3.2_a10.npz,115504,6fe3cac6b22f23a5891737f9d19c8961caef5d1372e35ae396b37cedaed0834d,PAPER_PROJECT/09_Raw_Data/production/B2_CV_L3.2_a10.npz
03_DATA/raw/production/B2_CV_L3.2_a20.json,2371,c7d8cad591b588d229bd1652d917e4346f1591f82bd07d08b23bcc88eeca99d6,PAPER_PROJECT/09_Raw_Data/production/B2_CV_L3.2_a20.json
03_DATA/raw/production/B2_CV_L3.2_a20.npz,115633,115a9181cd287c5657d33066361e5492b39a8f577ab6936ccc9e9d4410bff701,PAPER_PROJECT/09_Raw_Data/production/B2_CV_L3.2_a20.npz
03_DATA/raw/production/B2_CV_L3.2_a5.json,2359,8a19c5e0e8618c76a984b32482797ddce7504f588ed91107ce338f522157fb84,PAPER_PROJECT/09_Raw_Data/production/B2_CV_L3.2_a5.json
03_DATA/raw/production/B2_CV_L3.2_a5.npz,115506,e5c7a1e544ca8dd87cb17216a97fd79b57c02d522ca60c6e9ba4a77033bc5c3e,PAPER_PROJECT/09_Raw_Data/production/B2_CV_L3.2_a5.npz
03_DATA/raw/production/B2_F_a20.json,2337,8f504fb1a188d7f944b73aea78259dbaf1d60af18b45edddbc937063e1763d12,PAPER_PROJECT/09_Raw_Data/production/B2_F_a20.json
03_DATA/raw/production/B2_F_a20.npz,115557,7c1830fd5524a22ea18e90d81f5d37b213a26ea97f57b90814bc7e16c458c739,PAPER_PROJECT/09_Raw_Data/production/B2_F_a20.npz
03_DATA/raw/production/B2_F_a5.json,2336,9c7b03bca2791d472c348255108e17d5c1fe132fd5d0e6ae340e873f5ce93a9c,PAPER_PROJECT/09_Raw_Data/production/B2_F_a5.json
03_DATA/raw/production/B2_F_a5.npz,115389,83fae45caecb21f384105f91035e461cbfaf9293a5b5f7ea735fa4a65ff3dec2,PAPER_PROJECT/09_Raw_Data/production/B2_F_a5.npz
03_DATA/raw/production/BM_CV_tau20_a20.json,3407,0980d102bdf192492160791c918b07b952e06c42078626bd27d87b18b698942f,PAPER_PROJECT/09_Raw_Data/production/BM_CV_tau20_a20.json
03_DATA/raw/production/BM_CV_tau20_a20.npz,219624,62ce47ac3190647eead9dd2dc803e3fb25b3f18ac19f093342bcf187e3cd8b58,PAPER_PROJECT/09_Raw_Data/production/BM_CV_tau20_a20.npz
03_DATA/raw/production/BM_CV_tau5_a10.json,3400,87cbfdadce01beb1d17c380ad559c6132ea6e6de29baab5dbe76e02f5ad6d4c3,PAPER_PROJECT/09_Raw_Data/production/BM_CV_tau5_a10.json
03_DATA/raw/production/BM_CV_tau5_a10.npz,219097,b4b2ea653689be9db4961c6ffcc768f281c22ffdbba509c63f4a0c815855acab,PAPER_PROJECT/09_Raw_Data/production/BM_CV_tau5_a10.npz
03_DATA/raw/production/BM_F_tau0_a20.json,3397,20e97a251f511df98dc13032f24c450c41e29184e1f176d11f24c2f2405ab6a0,PAPER_PROJECT/09_Raw_Data/production/BM_F_tau0_a20.json
03_DATA/raw/production/BM_F_tau0_a20.npz,219428,a8722270ce52cb7006fa2067e5629272705d3bdd2062a65f53d816ce7872abd5,PAPER_PROJECT/09_Raw_Data/production/BM_F_tau0_a20.npz
03_DATA/raw/production/B_CV_tau1_a10.json,2355,62b31b073c4346283f4817d36d7449d3a5ab308b7b495aa4f65f1ff403972113,PAPER_PROJECT/09_Raw_Data/production/B_CV_tau1_a10.json
03_DATA/raw/production/B_CV_tau1_a10.npz,115328,a70a4fe193e9a0e17a4ff21184d7aae69363b8427068c3829c5018fd4d0fd5c5,PAPER_PROJECT/09_Raw_Data/production/B_CV_tau1_a10.npz
03_DATA/raw/production/B_CV_tau1_a10_QS.json,2390,37406b6b2764b2f6d63c9bf3a034cc6a4fdc97acd8dcbfe3b42b742a804c5d58,PAPER_PROJECT/09_Raw_Data/production/B_CV_tau1_a10_QS.json
03_DATA/raw/production/B_CV_tau1_a10_QS.npz,115397,c1ff63bee1787ec7bc8f4b1a67d8dc8b92c496c426cb1a03ec6bd58c110bdc98,PAPER_PROJECT/09_Raw_Data/production/B_CV_tau1_a10_QS.npz
03_DATA/raw/production/B_CV_tau20_a10.json,2353,ecea45d5cae8e80b38ce64c45c2015a9cd5cc943df850c228b0eb6b5858bb3ae,PAPER_PROJECT/09_Raw_Data/production/B_CV_tau20_a10.json
03_DATA/raw/production/B_CV_tau20_a10.npz,115518,aa11df807fd166e8eb467f6207b4af2705807adabdcff06649a748de19d2403f,PAPER_PROJECT/09_Raw_Data/production/B_CV_tau20_a10.npz
03_DATA/raw/production/B_CV_tau20_a10_QS.json,2360,0de2f3be1de580c80b1ac4fd8db4f519ab99160ee1e9942718463be2bb7a37f8,PAPER_PROJECT/09_Raw_Data/production/B_CV_tau20_a10_QS.json
03_DATA/raw/production/B_CV_tau20_a10_QS.npz,115514,5e47724e8e3a4459601b7e647b48dd75b7f222aa92ddb0d3f4505c3a3b29025a,PAPER_PROJECT/09_Raw_Data/production/B_CV_tau20_a10_QS.npz
03_DATA/raw/production/B_CV_tau20_a20.json,2355,fda5e49cca892c79fc7265a377fc025f10265ec716cc78cf1e198464d96a7c36,PAPER_PROJECT/09_Raw_Data/production/B_CV_tau20_a20.json
03_DATA/raw/production/B_CV_tau20_a20.npz,115635,a24d4c0e1de0999eb01fd5cb9674988435b9f8244a2bfcf62b580df063092d03,PAPER_PROJECT/09_Raw_Data/production/B_CV_tau20_a20.npz
03_DATA/raw/production/B_CV_tau20_a20_QS.json,2387,41ed40c6811afb4f81a441fceecc7e8736add71ff89539668574a36098bb5b6e,PAPER_PROJECT/09_Raw_Data/production/B_CV_tau20_a20_QS.json
03_DATA/raw/production/B_CV_tau20_a20_QS.npz,115468,9662a2b619909034f339c2d4000684134665609789a7ac36a696e8d56a58bd02,PAPER_PROJECT/09_Raw_Data/production/B_CV_tau20_a20_QS.npz
03_DATA/raw/production/B_CV_tau20_a5.json,2344,7729b6275775b0e83bbef17c2e29bc35b12002693dc9bed0a639e505a93eddb7,PAPER_PROJECT/09_Raw_Data/production/B_CV_tau20_a5.json
03_DATA/raw/production/B_CV_tau20_a5.npz,115516,f3ac1cf2e72619ee6f9ceff3106ccac74aa7ccf7dfd1e822f480f5250132456a,PAPER_PROJECT/09_Raw_Data/production/B_CV_tau20_a5.npz
03_DATA/raw/production/B_CV_tau20_a50.json,2399,bd2e58d6d6240b381771c9e485d67ab8a9d4414af816c4cb9996c13b6e5f93c9,PAPER_PROJECT/09_Raw_Data/production/B_CV_tau20_a50.json
03_DATA/raw/production/B_CV_tau20_a50.npz,115395,02ff6c4e5011741d04af0bc62295d78279191e555ac153190504275e61193b9a,PAPER_PROJECT/09_Raw_Data/production/B_CV_tau20_a50.npz
03_DATA/raw/production/B_CV_tau20_a50_QS.json,2405,7f15080f75a0a520212d077ef79edf1a9eee02790140d1da83961899fb79b0cc,PAPER_PROJECT/09_Raw_Data/production/B_CV_tau20_a50_QS.json
03_DATA/raw/production/B_CV_tau20_a50_QS.npz,115386,e4618d58e6a28f3bac6bca986eacc9c81fdb756e9d3b248f93133cb0471c44c6,PAPER_PROJECT/09_Raw_Data/production/B_CV_tau20_a50_QS.npz
03_DATA/raw/production/B_CV_tau20_a5_QS.json,2356,2e46907b669928e2ccd15550a535819d6a83a5e972a676f3d9104a7ef29144f0,PAPER_PROJECT/09_Raw_Data/production/B_CV_tau20_a5_QS.json
03_DATA/raw/production/B_CV_tau20_a5_QS.npz,115508,50d8458f0613538e50b9be18ff70a63dfbde2eea0829e903323bdd95bc635289,PAPER_PROJECT/09_Raw_Data/production/B_CV_tau20_a5_QS.npz
03_DATA/raw/production/B_CV_tau5_a10.json,2354,cbae19cc4c45f42e5876260b0e6844590cc8901e3dce48614388b1a3082e3b07,PAPER_PROJECT/09_Raw_Data/production/B_CV_tau5_a10.json
03_DATA/raw/production/B_CV_tau5_a10.npz,115433,92e4d2c87a95f95e7f5bc26da238f7b872bd8bc06f53593332d0d80c32f51cb3,PAPER_PROJECT/09_Raw_Data/production/B_CV_tau5_a10.npz
03_DATA/raw/production/B_CV_tau5_a10_QS.json,2382,356124b00637b6adb0d7a9e6ed663af5cc96de3455bf38b9b2b4e6cff1c86244,PAPER_PROJECT/09_Raw_Data/production/B_CV_tau5_a10_QS.json
03_DATA/raw/production/B_CV_tau5_a10_QS.npz,115466,35037526209fbee4a98386b4f5d95da8dc2ed1788d39e7846cc567fc3b10b0cc,PAPER_PROJECT/09_Raw_Data/production/B_CV_tau5_a10_QS.npz
03_DATA/raw/production/B_F_tau0_a10_QS.json,2373,4604082cb3e8e29a61d719210b64389c33cce869be54aee37d600b086aa54063,PAPER_PROJECT/09_Raw_Data/production/B_F_tau0_a10_QS.json
03_DATA/raw/production/B_F_tau0_a10_QS.npz,115376,12bff1222aed3c8b6cf4129839324bb517353a8ae1c03ed9f221ee98bfd0d57e,PAPER_PROJECT/09_Raw_Data/production/B_F_tau0_a10_QS.npz
03_DATA/raw/production/B_F_tau0_a20.json,2340,1fcea6eee7dcfb6f0798f71148ec917e840fef82afeb3a86cd592ec88c451481,PAPER_PROJECT/09_Raw_Data/production/B_F_tau0_a20.json
03_DATA/raw/production/B_F_tau0_a20.npz,115557,7c1830fd5524a22ea18e90d81f5d37b213a26ea97f57b90814bc7e16c458c739,PAPER_PROJECT/09_Raw_Data/production/B_F_tau0_a20.npz
03_DATA/raw/production/B_F_tau0_a20_QS.json,2374,323ab340029755573d19d278d3972771de5d5a0d0d8367b40dc0f42a2ba1a3fe,PAPER_PROJECT/09_Raw_Data/production/B_F_tau0_a20_QS.json
03_DATA/raw/production/B_F_tau0_a20_QS.npz,115378,6b34959df33cda94572421b179b6221dd9d4616d4a71b829749b042941670bc2,PAPER_PROJECT/09_Raw_Data/production/B_F_tau0_a20_QS.npz
03_DATA/raw/production/B_F_tau0_a5.json,2339,8ca36c061933df53c36c914820dcaa31c0a534487ab50f167ae28937b7744379,PAPER_PROJECT/09_Raw_Data/production/B_F_tau0_a5.json
03_DATA/raw/production/B_F_tau0_a5.npz,115389,83fae45caecb21f384105f91035e461cbfaf9293a5b5f7ea735fa4a65ff3dec2,PAPER_PROJECT/09_Raw_Data/production/B_F_tau0_a5.npz
03_DATA/raw/production/B_F_tau0_a50.json,2384,c66166edc0c319bd4acdfb4fd3bb4d4da89b4db9643f55452073c841ec8405ed,PAPER_PROJECT/09_Raw_Data/production/B_F_tau0_a50.json
03_DATA/raw/production/B_F_tau0_a50.npz,115351,c497feef9cb61a718fdf3b8fe5f72e0aba6a3d2f6038fd037eea050966170460,PAPER_PROJECT/09_Raw_Data/production/B_F_tau0_a50.npz
03_DATA/raw/production/B_F_tau0_a50_QS.json,2387,416315cf6fd1b7abfaf16db29886d63a5a4ccf6ab13b7474ff9785bceb741d35,PAPER_PROJECT/09_Raw_Data/production/B_F_tau0_a50_QS.json
03_DATA/raw/production/B_F_tau0_a50_QS.npz,115388,fd5b8f189a577e7e62fee539364adda8b0966581144aca6fb6fc155ef0af4d07,PAPER_PROJECT/09_Raw_Data/production/B_F_tau0_a50_QS.npz
03_DATA/raw/production/B_F_tau0_a5_QS.json,2370,53cd0608cae58ccf1e9d3fac8e11bb24c9b01545d46823e32b0ce19badb4e1a8,PAPER_PROJECT/09_Raw_Data/production/B_F_tau0_a5_QS.json
03_DATA/raw/production/B_F_tau0_a5_QS.npz,115376,eaade10b66a00d81aca2c32444a423bad0bb8fac5556fb11f2b58d58ac3dafe0,PAPER_PROJECT/09_Raw_Data/production/B_F_tau0_a5_QS.npz
03_DATA/raw/production/B_MCV3_tau20_a10.json,2355,ddc153705dd45bf2382753e9b3476815ac0cb6623b883a80d6d02421735d2b8f,PAPER_PROJECT/09_Raw_Data/production/B_MCV3_tau20_a10.json
03_DATA/raw/production/B_MCV3_tau20_a10.npz,115473,643a5efc9e5439d261a133d790f22e29b005c10aec8df315b5116c2542104cfe,PAPER_PROJECT/09_Raw_Data/production/B_MCV3_tau20_a10.npz
03_DATA/raw/production/B_MCV3_tau20_a10_QS.json,2365,26eedbf3ecccc0de1be4fb4a6968986896c3edee012b703a9adc03a761b56a10,PAPER_PROJECT/09_Raw_Data/production/B_MCV3_tau20_a10_QS.json
03_DATA/raw/production/B_MCV3_tau20_a10_QS.npz,115475,78192037c268309b2b8168a58464250d4e0e04be2b5cc2a9c7bf063dba012726,PAPER_PROJECT/09_Raw_Data/production/B_MCV3_tau20_a10_QS.npz
03_DATA/raw/production/B_MCV3_tau5_a10.json,2354,50abb2647a0fbe3beb753f25f5ae2a650f2b07163c9f3d2fc4c48331604a82ef,PAPER_PROJECT/09_Raw_Data/production/B_MCV3_tau5_a10.json
03_DATA/raw/production/B_MCV3_tau5_a10.npz,115372,b2b812baa7d0d86737c4d9e2275d63e6fe11db29fabefd4daf740b58146cd8b4,PAPER_PROJECT/09_Raw_Data/production/B_MCV3_tau5_a10.npz
03_DATA/raw/production/B_MCV3_tau5_a10_QS.json,2390,83a527e99e7af5c60de4275eedad53ae624fe460b2a1a075898bbea7f05657de,PAPER_PROJECT/09_Raw_Data/production/B_MCV3_tau5_a10_QS.json
03_DATA/raw/production/B_MCV3_tau5_a10_QS.npz,115393,9c485b71a1ddb6e33b61d14cb8ad0d8df78530caf98c8648d4e79aae85d71353,PAPER_PROJECT/09_Raw_Data/production/B_MCV3_tau5_a10_QS.npz
03_DATA/raw/production/C_CV_tau20_a10_coupling_off.json,2364,a39d0d72fdd3eaf4043907862bdd52f97e94daa7467501051dbeedec242fbc4f,PAPER_PROJECT/09_Raw_Data/production/C_CV_tau20_a10_coupling_off.json
03_DATA/raw/production/C_CV_tau20_a10_coupling_off.npz,115453,c15c59b1297d09c292f9f4671f07bbd089e001932414afb617e516fd7205c6c8,PAPER_PROJECT/09_Raw_Data/production/C_CV_tau20_a10_coupling_off.npz
03_DATA/raw/production/D_iso_circle_M.json,3390,60a152e6fa18aa52ca627666dad97f8af5b6765a402435ccb033285f02faa599,PAPER_PROJECT/09_Raw_Data/production/D_iso_circle_M.json
03_DATA/raw/production/D_iso_circle_M.npz,109214,b7f2cd57efdb987cacbe5062c9897d7a90974e4a8cf6344ba939b9a25b9bae12,PAPER_PROJECT/09_Raw_Data/production/D_iso_circle_M.npz
03_DATA/raw/production/D_iso_circle_T48.json,2364,ac13854453ae30efb4b7a0fee2758d34369ec5cfe0701d3a21ddfe86bfbf0a2d,PAPER_PROJECT/09_Raw_Data/production/D_iso_circle_T48.json
03_DATA/raw/production/D_iso_circle_T48.npz,63331,c1491ad1e8223e89c234f5bae21c079962e8de804614366e2c6cd5a366e1b5b2,PAPER_PROJECT/09_Raw_Data/production/D_iso_circle_T48.npz
03_DATA/raw/production/D_iso_ellipse_M.json,3448,945a92891ba1ef40ea0f7251e3032d757a5dbaccbbffbb1e4a8e04b67981ae6f,PAPER_PROJECT/09_Raw_Data/production/D_iso_ellipse_M.json
03_DATA/raw/production/D_iso_ellipse_M.npz,196180,b6a314dfd63a36292d688d99cd3baf984b0ee8747099093ae7fd71c9e954ff3f,PAPER_PROJECT/09_Raw_Data/production/D_iso_ellipse_M.npz
03_DATA/raw/production/D_iso_ellipse_R192.json,3453,bd028b1f02f721ae483c4621296c5666baf89bdb9925839a85a6714f8f98d0e8,PAPER_PROJECT/09_Raw_Data/production/D_iso_ellipse_R192.json
03_DATA/raw/production/D_iso_ellipse_R192.npz,199219,ff5fb6d4f58c1ddf970177ecbe0a7ea907064a8b2fd652913782d218a8a5f12d,PAPER_PROJECT/09_Raw_Data/production/D_iso_ellipse_R192.npz
03_DATA/raw/production/D_iso_ellipse_R48.json,3423,576143bc8d76f90f140be9284cf0beae2af4e00db4360678846819369d78e680,PAPER_PROJECT/09_Raw_Data/production/D_iso_ellipse_R48.json
03_DATA/raw/production/D_iso_ellipse_R48.npz,195092,36e33ceca1f1b42e11f027cfdff1e0e8cbcbab4bb1aa634a3bfbbd4e1283f409,PAPER_PROJECT/09_Raw_Data/production/D_iso_ellipse_R48.npz
03_DATA/raw/production/E1_alpha_cheng298_phi000.json,2412,d2aa8b86349409748b3cc283f79d002a8e3312b90e1c9dcdd73746e73619be8f,PAPER_PROJECT/09_Raw_Data/production/E1_alpha_cheng298_phi000.json
03_DATA/raw/production/E1_alpha_cheng298_phi000.npz,114634,611c3c983bfe479d79800b4902c45828e7551c57f4fd164c7bd2fab9b51141d8,PAPER_PROJECT/09_Raw_Data/production/E1_alpha_cheng298_phi000.npz
03_DATA/raw/production/E1_alpha_cheng298_phi000_M.json,3482,ab1f901ed7821c489b1d3d12a5f49677ebc800e61534c50440760fe9763166ef,PAPER_PROJECT/09_Raw_Data/production/E1_alpha_cheng298_phi000_M.json
03_DATA/raw/production/E1_alpha_cheng298_phi000_M.npz,217611,ec9d81a01b3cdf3d58a145037a344b9bedaafac817cc704c3f38d4641ece5e8c,PAPER_PROJECT/09_Raw_Data/production/E1_alpha_cheng298_phi000_M.npz
03_DATA/raw/production/E1_alpha_cheng298_phi030.json,2426,c607ecfba32c565b09fbf3a9cf45aea46aed5d70e1cffa6c18bab508fe231a1b,PAPER_PROJECT/09_Raw_Data/production/E1_alpha_cheng298_phi030.json
03_DATA/raw/production/E1_alpha_cheng298_phi030.npz,114654,da2a6e8177a6799f3babed7d6b1e2fefe6faad9c1435f0aa2cdafca02888950e,PAPER_PROJECT/09_Raw_Data/production/E1_alpha_cheng298_phi030.npz
03_DATA/raw/production/E1_alpha_cheng298_phi030_M.json,3493,a5135e88e61f73a04021b7b8bbd491373687ce306513e2423956cb909a09c737,PAPER_PROJECT/09_Raw_Data/production/E1_alpha_cheng298_phi030_M.json
03_DATA/raw/production/E1_alpha_cheng298_phi030_M.npz,217493,c6a5156f6d1db89fb8e26f1f9739abb30e260f90b6c56628b6c42cab0903328d,PAPER_PROJECT/09_Raw_Data/production/E1_alpha_cheng298_phi030_M.npz
03_DATA/raw/production/E1_alpha_cheng298_phi060.json,2398,87d303e42da188e9f4521032e35a8c1c9a2735ba19276166a027b7784b7f2e1a,PAPER_PROJECT/09_Raw_Data/production/E1_alpha_cheng298_phi060.json
03_DATA/raw/production/E1_alpha_cheng298_phi060.npz,114586,e2b50e5a1a4f1ab4f76c516c3a2b8e3c2fe3b758d0b5c20c00fe4cabfb7f14df,PAPER_PROJECT/09_Raw_Data/production/E1_alpha_cheng298_phi060.npz
03_DATA/raw/production/E1_alpha_cheng298_phi060_M.json,3458,9ca329a313f4f6ef7c8863cb68bcf2dacad8d75a926c3c9e17b9a0ecaf666ec5,PAPER_PROJECT/09_Raw_Data/production/E1_alpha_cheng298_phi060_M.json
03_DATA/raw/production/E1_alpha_cheng298_phi060_M.npz,217296,4f84cab50957064104e05bf18cd1f6ddeb80eb1928fb274a6a87d1097bde5674,PAPER_PROJECT/09_Raw_Data/production/E1_alpha_cheng298_phi060_M.npz
03_DATA/raw/production/E1_alpha_cheng298_phi090.json,2442,2190f7c04988775acc1baa54c884d7c0374e16634a4c89c8725ffb7a1185979a,PAPER_PROJECT/09_Raw_Data/production/E1_alpha_cheng298_phi090.json
03_DATA/raw/production/E1_alpha_cheng298_phi090.npz,114550,c217eaed974a5c8a9e0f926de422cd8458268060104813bf52a74550afc9ee56,PAPER_PROJECT/09_Raw_Data/production/E1_alpha_cheng298_phi090.npz
03_DATA/raw/production/E1_alpha_cheng298_phi090_M.json,3486,8c0fd821ebf00809f00661f6925c42e21f72cb3e9235b08e7115714283a97754,PAPER_PROJECT/09_Raw_Data/production/E1_alpha_cheng298_phi090_M.json
03_DATA/raw/production/E1_alpha_cheng298_phi090_M.npz,217303,2d295a9fd9d3f62964990e26cde7a2c8d639a8d9f46d7e3b4141e144691406a9,PAPER_PROJECT/09_Raw_Data/production/E1_alpha_cheng298_phi090_M.npz
03_DATA/raw/production/E1_alpha_cheng298_phi120.json,2387,78c28a5ec1f1dc48bf6b7ffda597e4578b8afc7d23814b55299dc448cd47c940,PAPER_PROJECT/09_Raw_Data/production/E1_alpha_cheng298_phi120.json
03_DATA/raw/production/E1_alpha_cheng298_phi120.npz,114580,54c12ad9269e3190fddc95cccc10ae12757d9345d3271677172c3529da664f44,PAPER_PROJECT/09_Raw_Data/production/E1_alpha_cheng298_phi120.npz
03_DATA/raw/production/E1_alpha_cheng298_phi120_M.json,3464,eed0d41da8dc9249f64597c09b39ce03477aaa7d299cc12e012eee4ca900191b,PAPER_PROJECT/09_Raw_Data/production/E1_alpha_cheng298_phi120_M.json
03_DATA/raw/production/E1_alpha_cheng298_phi120_M.npz,217357,6c500d1ac081a6ae5d9c8068148cbf397057fafb66d6c7af6db81573b62bdc52,PAPER_PROJECT/09_Raw_Data/production/E1_alpha_cheng298_phi120_M.npz
03_DATA/raw/production/E1_alpha_cheng298_phi150.json,2444,15939c2c55e622f9df27db16a249f85290abc4e131bb282f3d6a6545168478fc,PAPER_PROJECT/09_Raw_Data/production/E1_alpha_cheng298_phi150.json
03_DATA/raw/production/E1_alpha_cheng298_phi150.npz,114698,9c8e162fcb3148fd6d1873bc9114e1658e57794ca8ffb33dd7c2f77c4f3167ef,PAPER_PROJECT/09_Raw_Data/production/E1_alpha_cheng298_phi150.npz
03_DATA/raw/production/E1_alpha_cheng298_phi150_M.json,3501,0068a68aca0898c916cc8b14055b14fb9413881ff0a016db8683778b583c1904,PAPER_PROJECT/09_Raw_Data/production/E1_alpha_cheng298_phi150_M.json
03_DATA/raw/production/E1_alpha_cheng298_phi150_M.npz,217589,bd942de0d0193e211d07dc3ecf553767db11df534c075efcb06f51813391d8d3,PAPER_PROJECT/09_Raw_Data/production/E1_alpha_cheng298_phi150_M.npz
03_DATA/raw/production/E2_alpha_iso_phi000.json,2411,599b423eef1bbaadcfe4f7023fc129509a3abd66f0bf74bdf34321835091883e,PAPER_PROJECT/09_Raw_Data/production/E2_alpha_iso_phi000.json
03_DATA/raw/production/E2_alpha_iso_phi000.npz,115397,7e625bff34eb0e8b0eda84b3ff4bf8151cb53cf258a5b1383e8ac3d8e0aaed3a,PAPER_PROJECT/09_Raw_Data/production/E2_alpha_iso_phi000.npz
03_DATA/raw/production/E2_alpha_iso_phi000_M.json,3468,e187fec846243639ba1833aac5414730c18afd754e5c5bee2391ba599e7ee7e0,PAPER_PROJECT/09_Raw_Data/production/E2_alpha_iso_phi000_M.json
03_DATA/raw/production/E2_alpha_iso_phi000_M.npz,218914,577419bc11f4731be90de26ce7100b6cd63fb8bdef955e92f555aa4c6a3ed08e,PAPER_PROJECT/09_Raw_Data/production/E2_alpha_iso_phi000_M.npz
03_DATA/raw/production/E2_alpha_iso_phi030.json,2406,5110a7fc9ea2d420b30a3209abd65c37471786c22afd03c21bd9d405dd2ec5a3,PAPER_PROJECT/09_Raw_Data/production/E2_alpha_iso_phi030.json
03_DATA/raw/production/E2_alpha_iso_phi030.npz,115414,85517f1b252237baa67ed44b611872bb10710565732f793faf4edee3e08a092b,PAPER_PROJECT/09_Raw_Data/production/E2_alpha_iso_phi030.npz
03_DATA/raw/production/E2_alpha_iso_phi030_M.json,3477,8f3cc95dbe0b9c710be60a2c1dbfcf7edc933244ea59eaaa56c1b801557bcfe5,PAPER_PROJECT/09_Raw_Data/production/E2_alpha_iso_phi030_M.json
03_DATA/raw/production/E2_alpha_iso_phi030_M.npz,218916,bd7e67c83f6161885600564bc66536c0839e5702126676fd8da1b6c83f4f2340,PAPER_PROJECT/09_Raw_Data/production/E2_alpha_iso_phi030_M.npz
03_DATA/raw/production/E2_alpha_iso_phi060.json,2384,5fa770bb02b4a1ac2b33b4127c44e5147c28dd16e5674e33516993f04b67bb9b,PAPER_PROJECT/09_Raw_Data/production/E2_alpha_iso_phi060.json
03_DATA/raw/production/E2_alpha_iso_phi060.npz,115341,8f53738e8ca6b5409c742b873d132ea86033cd82d47f041bd5c9007cf40cf5c1,PAPER_PROJECT/09_Raw_Data/production/E2_alpha_iso_phi060.npz
03_DATA/raw/production/E2_alpha_iso_phi060_M.json,3447,28152d04f9395d3d2404af53743ce6dc65441d4c3bec6ae82e2aed837d888fa1,PAPER_PROJECT/09_Raw_Data/production/E2_alpha_iso_phi060_M.json
03_DATA/raw/production/E2_alpha_iso_phi060_M.npz,218869,9842f32188f4a884bb6f055492e861c62873c5f23314eabcf7f5f8448d8af57a,PAPER_PROJECT/09_Raw_Data/production/E2_alpha_iso_phi060_M.npz
03_DATA/raw/production/E2_alpha_iso_phi090.json,2412,a81587b5425de3b781dbca11308740c043e3eb6bbd9c4e4ab65b84788cefb470,PAPER_PROJECT/09_Raw_Data/production/E2_alpha_iso_phi090.json
03_DATA/raw/production/E2_alpha_iso_phi090.npz,115376,788e5dd4a651866f032c007d89f60fd8052db8ea18e16baa2a8f0c5c7c8e4d7f,PAPER_PROJECT/09_Raw_Data/production/E2_alpha_iso_phi090.npz
03_DATA/raw/production/E2_alpha_iso_phi090_M.json,3454,56c0e61695b6d327887fb235cad601f745cc3aca9f0b6cee3b0e20c34df518a6,PAPER_PROJECT/09_Raw_Data/production/E2_alpha_iso_phi090_M.json
03_DATA/raw/production/E2_alpha_iso_phi090_M.npz,218851,7a9d01bf83df9452a3c3f44b95d04aea4d82bdc1c026bdc864d5d7a9ac3d51f7,PAPER_PROJECT/09_Raw_Data/production/E2_alpha_iso_phi090_M.npz
03_DATA/raw/production/E2_alpha_iso_phi120.json,2386,bef1c547d4f756cef3e9f6ccf79df26fcdf1784a5f22aeb5e80357e0eb8f2c2a,PAPER_PROJECT/09_Raw_Data/production/E2_alpha_iso_phi120.json
03_DATA/raw/production/E2_alpha_iso_phi120.npz,115354,deacc82dd48e36947684d64c2183def93f810ad66bf54863af3247460e0afae5,PAPER_PROJECT/09_Raw_Data/production/E2_alpha_iso_phi120.npz
03_DATA/raw/production/E2_alpha_iso_phi120_M.json,3450,a39a9907de6faa89e61049da012b2dfbc535094d185c43e15b50c166aedcce5e,PAPER_PROJECT/09_Raw_Data/production/E2_alpha_iso_phi120_M.json
03_DATA/raw/production/E2_alpha_iso_phi120_M.npz,218969,0274b45a9368362c569f5635879392ceffa9a6c385d19a83acf08f7c615f7d96,PAPER_PROJECT/09_Raw_Data/production/E2_alpha_iso_phi120_M.npz
03_DATA/raw/production/E2_alpha_iso_phi150.json,2403,94fc7b73ebf13850eb434d8cceb26aedffa9ee5730f3bb756236e95da27ce497,PAPER_PROJECT/09_Raw_Data/production/E2_alpha_iso_phi150.json
03_DATA/raw/production/E2_alpha_iso_phi150.npz,115327,dcaf66b806bcebc75ca5710093863866398d9a210ae9c3754c0c8413017aec3f,PAPER_PROJECT/09_Raw_Data/production/E2_alpha_iso_phi150.npz
03_DATA/raw/production/E2_alpha_iso_phi150_M.json,3477,239c20e2d52fc9d738eabbc2552b1ea7267fe81fbacfed9319fdaacf5f4cb06c,PAPER_PROJECT/09_Raw_Data/production/E2_alpha_iso_phi150_M.json
03_DATA/raw/production/E2_alpha_iso_phi150_M.npz,219028,64b7382dce84d4ce13af943f2f1a8eb87f3d2f62f1672e7445f9f8d19e35eec2,PAPER_PROJECT/09_Raw_Data/production/E2_alpha_iso_phi150_M.npz
03_DATA/raw/production/E3_K_iso_phi000.json,2413,03e7f1b66d6a5490b13448716cdda4bd2cb95df0b2caf44a9f4a17c93b01d193,PAPER_PROJECT/09_Raw_Data/production/E3_K_iso_phi000.json
03_DATA/raw/production/E3_K_iso_phi000.npz,115367,63b46687f1b52c93cb0e5512f545d2982091c22601bdea87f5b4f73c15e5c158,PAPER_PROJECT/09_Raw_Data/production/E3_K_iso_phi000.npz
03_DATA/raw/production/E3_K_iso_phi000_M.json,3477,7e8c486cc498df2aa8088d085b1b8c3812b13bd837e704fd657ad192ed357f72,PAPER_PROJECT/09_Raw_Data/production/E3_K_iso_phi000_M.json
03_DATA/raw/production/E3_K_iso_phi000_M.npz,218931,4ad7b99b166471ebaed2cf5aaa056f3909bbc4d9430f16c699760fb47e5b8f27,PAPER_PROJECT/09_Raw_Data/production/E3_K_iso_phi000_M.npz
03_DATA/raw/production/E3_K_iso_phi030.json,2374,ae72a4678e78da303a0e97fa169bdf6af23fa7e71b2b50e60fd02ff559748b14,PAPER_PROJECT/09_Raw_Data/production/E3_K_iso_phi030.json
03_DATA/raw/production/E3_K_iso_phi030.npz,115359,dc862d0dda639ca8c679dd0a7b454bc8bab413d208f500db6c061347f4ddfa9e,PAPER_PROJECT/09_Raw_Data/production/E3_K_iso_phi030.npz
03_DATA/raw/production/E3_K_iso_phi030_M.json,3427,143468a41e76693ba2fdb025dc500f671c801aec1886ab3d48ae30c779e194a3,PAPER_PROJECT/09_Raw_Data/production/E3_K_iso_phi030_M.json
03_DATA/raw/production/E3_K_iso_phi030_M.npz,218951,06530eeff360edbf1251cb91f4f3ba9961999d7c57e0e8828d1e43b073ea25c3,PAPER_PROJECT/09_Raw_Data/production/E3_K_iso_phi030_M.npz
03_DATA/raw/production/E3_K_iso_phi060.json,2394,233db1bc452b39ec536a0054af4ed817bda948589f2a423ab9c3debe030b7e0b,PAPER_PROJECT/09_Raw_Data/production/E3_K_iso_phi060.json
03_DATA/raw/production/E3_K_iso_phi060.npz,115356,347fb06ce7517bef88ea1508b40a09cdf6811cf82e4d42b1d6be0a89be18c088,PAPER_PROJECT/09_Raw_Data/production/E3_K_iso_phi060.npz
03_DATA/raw/production/E3_K_iso_phi060_M.json,3445,8d0eae235bc445718d91d44c21f7e08a486e3940afb408301b396c6f59c4a047,PAPER_PROJECT/09_Raw_Data/production/E3_K_iso_phi060_M.json
03_DATA/raw/production/E3_K_iso_phi060_M.npz,218860,1bbfe9ac6a8f4ad158de29bf1bb44c2ed52ebf63c6ff95f657986846ebd6cb4f,PAPER_PROJECT/09_Raw_Data/production/E3_K_iso_phi060_M.npz
03_DATA/raw/production/E3_K_iso_phi090.json,2372,268fa70c5c07f8618b697ffba84374efdd83c5c7bc3fd7a2cd773bbd0da65f30,PAPER_PROJECT/09_Raw_Data/production/E3_K_iso_phi090.json
03_DATA/raw/production/E3_K_iso_phi090.npz,115340,7768b23b2611f28cdcf854685ad4d61fd992fc5a3b2ff9d9bf6738888f32f4f4,PAPER_PROJECT/09_Raw_Data/production/E3_K_iso_phi090.npz
03_DATA/raw/production/E3_K_iso_phi090_M.json,3429,3837e0a7cdd338c16b869062725c8ccb60b205c54f40806e29852062de66f59e,PAPER_PROJECT/09_Raw_Data/production/E3_K_iso_phi090_M.json
03_DATA/raw/production/E3_K_iso_phi090_M.npz,218892,fb70492a0cafa4bb865c8b2dede27773e13f78ddf5c7b07dc35e1a891fbed088,PAPER_PROJECT/09_Raw_Data/production/E3_K_iso_phi090_M.npz
03_DATA/raw/production/E3_K_iso_phi120.json,2390,0702fcbd096117e06e1c01647be64199487932654e96ef628d7590ac8a6819bd,PAPER_PROJECT/09_Raw_Data/production/E3_K_iso_phi120.json
03_DATA/raw/production/E3_K_iso_phi120.npz,115364,09a6c3eb31bfa149d67e27e630670653104e01c11ad551f0108677167c8ccab4,PAPER_PROJECT/09_Raw_Data/production/E3_K_iso_phi120.npz
03_DATA/raw/production/E3_K_iso_phi120_M.json,3415,a4c9369e71151c835ac627b2b78447de80a7713b051650f3fbe2503dac1dbeec,PAPER_PROJECT/09_Raw_Data/production/E3_K_iso_phi120_M.json
03_DATA/raw/production/E3_K_iso_phi120_M.npz,218875,19adfb9ca1385e8fa02cf67b0f8ce84c336502620cb0adc85624aa87225151c3,PAPER_PROJECT/09_Raw_Data/production/E3_K_iso_phi120_M.npz
03_DATA/raw/production/E3_K_iso_phi150.json,2373,8f97ca23cdf5c84a3f61ed995b3c7f2f7008890db848a7e9cf0d34c0ef74295d,PAPER_PROJECT/09_Raw_Data/production/E3_K_iso_phi150.json
03_DATA/raw/production/E3_K_iso_phi150.npz,115326,9c78447ba0519438daf0092da9986fb82dd9e2df7e908328f53a3cfd74ac2354,PAPER_PROJECT/09_Raw_Data/production/E3_K_iso_phi150.npz
03_DATA/raw/production/E3_K_iso_phi150_M.json,3432,4bd8bd099a45fa9651eeb38314c1c8cb529ca8d110a770b087a13c592517fcc9,PAPER_PROJECT/09_Raw_Data/production/E3_K_iso_phi150_M.json
03_DATA/raw/production/E3_K_iso_phi150_M.npz,218956,5a7855a1663493d30085f114eecc16201de92ff326e6b3c99be541132910ecfb,PAPER_PROJECT/09_Raw_Data/production/E3_K_iso_phi150_M.npz
03_DATA/raw/production/E4_C_iso_phi000.json,2407,31c9b81dff083f8b36434f558bcb482dfb18d0cb80ea381073c0d3302b5fdc00,PAPER_PROJECT/09_Raw_Data/production/E4_C_iso_phi000.json
03_DATA/raw/production/E4_C_iso_phi000.npz,115450,fc2f59342eef008f5aa389cd2541c699d3461a3e13a1703561ce7993c9cd3cea,PAPER_PROJECT/09_Raw_Data/production/E4_C_iso_phi000.npz
03_DATA/raw/production/E4_C_iso_phi000_M.json,3470,957f6aa476397ad65e4ef0321bf88a966d875db67f0c010e6a7022cbf5c21c37,PAPER_PROJECT/09_Raw_Data/production/E4_C_iso_phi000_M.json
03_DATA/raw/production/E4_C_iso_phi000_M.npz,219061,a17d051e6e1945c02e42a324d6d034b20206d2c87eae877674c3badb58488237,PAPER_PROJECT/09_Raw_Data/production/E4_C_iso_phi000_M.npz
03_DATA/raw/production/E4_C_iso_phi030.json,2372,10303895fa4e49190df21e53b19c0bdaad36e3f965f5ad37c5985b5fa5572c59,PAPER_PROJECT/09_Raw_Data/production/E4_C_iso_phi030.json
03_DATA/raw/production/E4_C_iso_phi030.npz,115471,4c8bf160f85c937a369afef8e0329201de29f691770deaab77db0d4c75919ab9,PAPER_PROJECT/09_Raw_Data/production/E4_C_iso_phi030.npz
03_DATA/raw/production/E4_C_iso_phi030_M.json,3441,6a90f01e2dc422e42b4b09a6178eeb68078db85c92bfef52c2035930716d5cbc,PAPER_PROJECT/09_Raw_Data/production/E4_C_iso_phi030_M.json
03_DATA/raw/production/E4_C_iso_phi030_M.npz,219181,03485abf87c03b9856d697f30f57e8cdcc415173fc3c98b6c3006293672c07cd,PAPER_PROJECT/09_Raw_Data/production/E4_C_iso_phi030_M.npz
03_DATA/raw/production/E4_C_iso_phi060.json,2389,08bb830b66740a318ad317059ea952b186f095871866387421420807b2fc679a,PAPER_PROJECT/09_Raw_Data/production/E4_C_iso_phi060.json
03_DATA/raw/production/E4_C_iso_phi060.npz,115406,bb94c4be5d483727d5607232c906d4752392d1e7676689609cc9df46ccdff8c0,PAPER_PROJECT/09_Raw_Data/production/E4_C_iso_phi060.npz
03_DATA/raw/production/E4_C_iso_phi060_M.json,3466,d777275be9273f0228b947b100a146b7e33ff193244f2e8c6d366a01b78eccdf,PAPER_PROJECT/09_Raw_Data/production/E4_C_iso_phi060_M.json
03_DATA/raw/production/E4_C_iso_phi060_M.npz,219166,f5ff1d90865862d1d3da9f39e56b8ebd8b67f7e90076d73907f1208ad90a1035,PAPER_PROJECT/09_Raw_Data/production/E4_C_iso_phi060_M.npz
03_DATA/raw/production/E4_C_iso_phi090.json,2370,b8219d3a54a9dfcf8223725298a86201af1632f9ee38de2ab9ee6ca89547a865,PAPER_PROJECT/09_Raw_Data/production/E4_C_iso_phi090.json
03_DATA/raw/production/E4_C_iso_phi090.npz,115378,01a2d00d28261f226fcf57d77a2a9d4e6f46c7ce984d6199616dbec71576fb3c,PAPER_PROJECT/09_Raw_Data/production/E4_C_iso_phi090.npz
03_DATA/raw/production/E4_C_iso_phi090_M.json,3442,a89dcc715cb813f2890572f39d3dde58e460e84af58b0abdedc20841619d3988,PAPER_PROJECT/09_Raw_Data/production/E4_C_iso_phi090_M.json
03_DATA/raw/production/E4_C_iso_phi090_M.npz,218866,71f21cbfc3a3d4baed57c55f8d54ec868ae2a064543d53fb846a5a5afa6909ed,PAPER_PROJECT/09_Raw_Data/production/E4_C_iso_phi090_M.npz
03_DATA/raw/production/E4_C_iso_phi120.json,2378,f353daab2329c27cc5a7f0ee716b200edce7d10ed4068771583f0d002852a97c,PAPER_PROJECT/09_Raw_Data/production/E4_C_iso_phi120.json
03_DATA/raw/production/E4_C_iso_phi120.npz,115399,20b24d25b2f7a8cfa52577b941d86739ab3062e0c9b9acd776f92558fd34088d,PAPER_PROJECT/09_Raw_Data/production/E4_C_iso_phi120.npz
03_DATA/raw/production/E4_C_iso_phi120_M.json,3467,51eb5e2d83463e727a7b529284a7cc5a4df257cde9258eb1eb1585713dd03da6,PAPER_PROJECT/09_Raw_Data/production/E4_C_iso_phi120_M.json
03_DATA/raw/production/E4_C_iso_phi120_M.npz,219053,e203d48fd1ef98bfdd6219b4192b88558fbf605ba7464ac5d013f7d27899baa0,PAPER_PROJECT/09_Raw_Data/production/E4_C_iso_phi120_M.npz
03_DATA/raw/production/E4_C_iso_phi150.json,2408,26bf5595c400798bbfe9bc62eba0aebc8a9301c08325ef89ada0ac56f8d9c043,PAPER_PROJECT/09_Raw_Data/production/E4_C_iso_phi150.json
03_DATA/raw/production/E4_C_iso_phi150.npz,115403,b3e5d9af28ef4d325693d4f3901d43674231723a64864c42861311bdc6cf4362,PAPER_PROJECT/09_Raw_Data/production/E4_C_iso_phi150.npz
03_DATA/raw/production/E4_C_iso_phi150_M.json,3474,8c5c5ac21c9b284eee060b2dccab86d8609ba968b1278365f99f2fceddb6e267,PAPER_PROJECT/09_Raw_Data/production/E4_C_iso_phi150_M.json
03_DATA/raw/production/E4_C_iso_phi150_M.npz,219195,8e23478d35cf990bcc42098e7309ecb8332adc8d6c7a21ee37ca7dde8ba8a5e0,PAPER_PROJECT/09_Raw_Data/production/E4_C_iso_phi150_M.npz
03_DATA/raw/production/F_tw0.3_circ.json,2342,874bdfd0e3249dc60dbdeba45380083b1ae201577a40ca16d06470f04bc6a4bc,PAPER_PROJECT/09_Raw_Data/production/F_tw0.3_circ.json
03_DATA/raw/production/F_tw0.3_circ.npz,159121,26ff5c7467008508a99afb32265129e6a2ba818d023ed5da870f0bcf5faf8f65,PAPER_PROJECT/09_Raw_Data/production/F_tw0.3_circ.npz
03_DATA/raw/production/F_tw0.3_ell_phi090.json,2357,cfbb0a11f58f5b6808583d0303218631ee8740e19e4edf363be572338e8c5981,PAPER_PROJECT/09_Raw_Data/production/F_tw0.3_ell_phi090.json
03_DATA/raw/production/F_tw0.3_ell_phi090.npz,159344,1ccc281e5ee85fbd915423c799b1d49dea107d0853064351f09cc80a6ef06633,PAPER_PROJECT/09_Raw_Data/production/F_tw0.3_ell_phi090.npz
03_DATA/raw/production/F_tw0.3_ell_phi150.json,2356,610f179c20646aefeb581f43f1063b34acab6eb6910a274ff28eb2a2045b8fde,PAPER_PROJECT/09_Raw_Data/production/F_tw0.3_ell_phi150.json
03_DATA/raw/production/F_tw0.3_ell_phi150.npz,159496,b803d38bee264610c212b25702dbb4fc0530c2128e7a8eacdbac95b441457bb9,PAPER_PROJECT/09_Raw_Data/production/F_tw0.3_ell_phi150.npz
03_DATA/raw/production/F_tw0.6_circ.json,2344,9392650f917d1cfc589d9970b90c47cfd3954cd4fb10e56d11536c19a9cd2c19,PAPER_PROJECT/09_Raw_Data/production/F_tw0.6_circ.json
03_DATA/raw/production/F_tw0.6_circ.npz,129901,f8df6468ab6768f12ff16e31e5e3b65ee6e81d249bb757c2530aaecb5d1260e6,PAPER_PROJECT/09_Raw_Data/production/F_tw0.6_circ.npz
03_DATA/raw/production/F_tw0.6_ell_phi090.json,2349,bda3e34fc0bd48a90620752c0957d5ef95dd1a95002a495ff862f4dd2eb08078,PAPER_PROJECT/09_Raw_Data/production/F_tw0.6_ell_phi090.json
03_DATA/raw/production/F_tw0.6_ell_phi090.npz,129818,5022f67fc1f46acabba840fa1def1b09f749a16f873545549d47973399a2608c,PAPER_PROJECT/09_Raw_Data/production/F_tw0.6_ell_phi090.npz
03_DATA/raw/production/F_tw0.6_ell_phi150.json,2392,5c208f70d875ad314916f71d92eb1c79efb2e43db6faee7602b04fc833f9fda0,PAPER_PROJECT/09_Raw_Data/production/F_tw0.6_ell_phi150.json
03_DATA/raw/production/F_tw0.6_ell_phi150.npz,129866,d967386c6bb616d0ef88e56ca0f5ca13b7f8569f1d7dc3c67ac84ee429f7dafa,PAPER_PROJECT/09_Raw_Data/production/F_tw0.6_ell_phi150.npz
03_DATA/raw/production/F_tw2.4_circ.json,2338,ea551ddc38fb249706ff4ade18a08fc8d1c0aa1c99275cf1ca502e41149a5615,PAPER_PROJECT/09_Raw_Data/production/F_tw2.4_circ.json
03_DATA/raw/production/F_tw2.4_circ.npz,107792,1de1ec0af90d943781b7ca3730698219ebbe306a9b49bd27ea4ff9f542adb26d,PAPER_PROJECT/09_Raw_Data/production/F_tw2.4_circ.npz
03_DATA/raw/production/F_tw2.4_ell_phi090.json,2354,efd4214098f965f0057f754c1bc893affb490cd3fd5d531a3dd0d2b67f008d1c,PAPER_PROJECT/09_Raw_Data/production/F_tw2.4_ell_phi090.json
03_DATA/raw/production/F_tw2.4_ell_phi090.npz,108272,b19c5dc5bdb3f04abcd352cd7721da1742c256417bb0e56d3ea4d76c2b5a6baa,PAPER_PROJECT/09_Raw_Data/production/F_tw2.4_ell_phi090.npz
03_DATA/raw/production/F_tw2.4_ell_phi150.json,2362,764549138b699bdeaa96f6ff6fc31d337142c0a3f817f1937c721f56e26f77e7,PAPER_PROJECT/09_Raw_Data/production/F_tw2.4_ell_phi150.json
03_DATA/raw/production/F_tw2.4_ell_phi150.npz,108355,f2fbe4af548b6fce85a6f4bc2d64b75adbc3bae3f1d565ad35c37a7caa34b01b,PAPER_PROJECT/09_Raw_Data/production/F_tw2.4_ell_phi150.npz
03_DATA/tables/D_lambda_eps.csv,4998,60562a2f0f7978601246df0145e303163a0502160af6c6af1c7c39b8ac5775bc,PAPER_PROJECT/12_Tables/D_lambda_eps.csv
03_DATA/tables/ablations_E.csv,500,22d26738f8a1b96120c2f89d175e186f7f7e68e76373a8a048130900c348008b,PAPER_PROJECT/12_Tables/ablations_E.csv
03_DATA/tables/ablations_E_M.csv,610,db9bf86515e0312d2dd3ec882f8988d484111754efe50d7db21f90c1cecd322c,PAPER_PROJECT/12_Tables/ablations_E_M.csv
03_DATA/tables/convergence_ellipse_6phi.csv,738,27023c279998d01730fb6daaecbc05ff074fb574d6a2fea0b6a225585f11183c,PAPER_PROJECT/12_Tables/convergence_ellipse_6phi.csv
03_DATA/tables/phi_sweep_ellipse.csv,1147,9675e0d3b0ca6f8261cf441986335de4bd225fdcea0c694c3c275a07deb45f52,PAPER_PROJECT/12_Tables/phi_sweep_ellipse.csv
03_DATA/tables/pulse_width_F.csv,538,143f3b595e90dbeffc15b62b1302a384a5a2f028ac827feab71275c61be51cf7,PAPER_PROJECT/12_Tables/pulse_width_F.csv
04_REPRODUCTION/BASIC_VERIFICATION.md,2207,0b12f833d16087ec9fbb0d72303bdf51a721c4a93390827ae5921d490a6e64ad,PAPER_PROJECT/07_Tests/BASIC_VERIFICATION.md
04_REPRODUCTION/REPRODUCTION_SUMMARY.json,8586,7bd0eb211ca189f7eabf87a60c7c90d7337bd9808a667eb47513b342dd758e32,PAPER_PROJECT/16_Reproducibility/REPRODUCTION_SUMMARY.json
04_REPRODUCTION/REPRODUCTION_TEST_REPORT.md,1937,6a36a7617c381fae4294478adc1eaf7de120726f230faf9c036110c6930a6319,PAPER_PROJECT/07_Tests/REPRODUCTION_TEST_REPORT.md
04_REPRODUCTION/REPRODUCTION_TEST_REPORT_2026-10-04.md,1937,9d6376dc8e511f1218a28bfe1d42ff567b0f543b45dacfcd22fb554a1d93492a,PAPER_PROJECT/16_Reproducibility/REPRODUCTION_TEST_REPORT_2026-10-04.md
04_REPRODUCTION/TEST_REPORT.md,9542,3489987666811bf7cb485c9082e21283f28e4deea8038b032da57d04a0d590ac,PAPER_PROJECT/07_Tests/TEST_REPORT.md
04_REPRODUCTION/TEST_RESULTS.json,10041,c7ed779541240dba5949c77d90863a8d1407584c05358ff5e6952c20410e59a9,PAPER_PROJECT/07_Tests/TEST_RESULTS.json
04_REPRODUCTION/VERIFICATION_GATES.txt,253,9de04580a6d78fb7e9711d26ab0162da56cfd22b03b9c817f31bdc87d374f291,PAPER_PROJECT/16_Reproducibility/VERIFICATION_GATES.txt
04_REPRODUCTION/make_test_report.py,3365,c07ae9e86fba45bb13b4cca0d9a6f1384304ae0542679c22af7cf7345eac108a,PAPER_PROJECT/07_Tests/make_test_report.py
04_REPRODUCTION/run_tests.py,30061,ab31e834a728a11cea97aa57573eafa176b2028a86646f082d0b512aebcbcc00,PAPER_PROJECT/07_Tests/run_tests.py
04_REPRODUCTION/run_tests_supplement.py,2198,a8123b84722830b93d5281949a80a91621658ce03951ed608ba4dd2306b44b55,PAPER_PROJECT/07_Tests/run_tests_supplement.py
05_DERIVATIONS/MODEL_DESCRIPTION.md,4319,b626ce275e883dcafc96e14da209bcbcdef3d2fae25d70f62041368791c8b007,PAPER_PROJECT/16_Reproducibility/MODEL_DESCRIPTION.md
05_DERIVATIONS/NUMERICAL_METHOD.md,2894,7b381b726f3d4744e7e74c356ef44d77b58903a5fe3ce19355c7b247da784e7c,PAPER_PROJECT/16_Reproducibility/NUMERICAL_METHOD.md
05_DERIVATIONS/acceptance_criteria/ACCEPTANCE_CRITERIA_V2_FROZEN.md,5404,581034ebfe8a05a49d2202385b5ee15ea33b2ed7c5071a2d8499356dc8547b3d,PAPER_PROJECT/02_Problem_Definition/ACCEPTANCE_CRITERIA_V2_FROZEN.md
05_DERIVATIONS/manuscript_derivation_source/calculations_IJHMT.md,42907,fa47e4c8e887d7828ac3b2909f2ec5845ff8a2014579060d99950303db6b282c,PAPER_PROJECT/13_Manuscript/calculations_IJHMT.md
05_DERIVATIONS/numerical_method/CONVERGENCE_REPORT.md,2678,85e0ae74fe28dcd207bd91ddc305e031e540d2db46c8b6bba3a75e15c01c9604,PAPER_PROJECT/05_Numerical_Method/CONVERGENCE_REPORT.md
05_DERIVATIONS/numerical_method/NUMERICAL_METHOD_V2.md,5791,11eb95b138acad2505db78ab3462e63a514b58f391c0c01c2aea3bb03059d7c6,PAPER_PROJECT/05_Numerical_Method/NUMERICAL_METHOD_V2.md
05_DERIVATIONS/numerical_method/STABILITY_REPORT.md,1100,9dc169ef32ad20102bcbf93c904f9c495a6d0e798ca3fe462bec05acf425d47c,PAPER_PROJECT/05_Numerical_Method/STABILITY_REPORT.md
05_DERIVATIONS/numerical_method/make_convergence_report.py,6472,9b319dc4e3e2293119d7a07d2949e3539ccbe60d567952c4c73180fa82974147,PAPER_PROJECT/05_Numerical_Method/make_convergence_report.py
05_DERIVATIONS/theory/FORMULATION_ADDENDUM.md,9053,9e3d5715a75e4a87a0f11910d8e077275737c5a741a096193f6ae5c66174a409,PAPER_PROJECT/04_Theory/FORMULATION_ADDENDUM.md
06_VALIDATION/audits/AUDIT_FINAL_ADVERSARIAL.md,3398,92c5d5fbfc1bd598e69a1f69dca1edb442022e3b67bd4e67ce12cd05e3984f87,PAPER_PROJECT/15_Audits/AUDIT_FINAL_ADVERSARIAL.md
06_VALIDATION/audits/AUDIT_FULL_PROJECT.md,1520,b9efec6322a0285031094a65672da98badd1f6561b0b5c24487f116d12dd57e5,PAPER_PROJECT/15_Audits/AUDIT_FULL_PROJECT.md
06_VALIDATION/audits/AUDIT_PRE_MANUSCRIPT.md,3395,5f9fe97a31d33c0ccf910c371009cfe66cea6ef9413884e009604715807b470c,PAPER_PROJECT/15_Audits/AUDIT_PRE_MANUSCRIPT.md
06_VALIDATION/audits/AUDIT_PRE_PRODUCTION.md,3643,f51a3c72101d490b1eebdfc2bb3dcbbdacd22973a9b3c45e4b754a12f7e39fe2,PAPER_PROJECT/15_Audits/AUDIT_PRE_PRODUCTION.md
06_VALIDATION/audits/GIT_CONNECTION_AUDIT_2026-10-03.md,11820,b65f7f28de81f8cc6af6d3587cb9072d2588c1d44cf6812c0a5901cad2500801,docs/GIT_CONNECTION_AUDIT_2026-10-03.md
06_VALIDATION/audits/PHASE1_AUDIT.md,10639,2762ed1202368a868974699e29e166277a5bab4a69ceccea9915ee5756e4f238,docs/PHASE1_AUDIT.md
06_VALIDATION/audits/RERUN_COMPARISON.md,3328,9512ccf284915d05d609262d3d938db1703523f633787690d900eb3a30c770de,PAPER_PROJECT/15_Audits/RERUN_COMPARISON.md
06_VALIDATION/literature_verification/CROSSREF_VERIFICATION_2026-10-01.json,13884,9214ec2569ae9d03b27288106062297ba96120396ccae0847b7823f9aa0ebbd9,PAPER_PROJECT/01_Literature/CROSSREF_VERIFICATION_2026-10-01.json
06_VALIDATION/literature_verification/CROSSREF_VERIFICATION_2_2026-10-01.json,6083,d650444225e6276553a31194c064c382b5d374ba314a26974fa961dd19c997af,PAPER_PROJECT/01_Literature/CROSSREF_VERIFICATION_2_2026-10-01.json
06_VALIDATION/literature_verification/CROSSREF_VERIFICATION_3_2026-10-02.json,16148,80454b2f62f0ace369730b427be9324ab5d9a9b8e0d3cd68a15599d28daf9d3e,PAPER_PROJECT/01_Literature/CROSSREF_VERIFICATION_3_2026-10-02.json
06_VALIDATION/literature_verification/REFERENCES_VERIFIED.json,18407,99249b2cf356926bf2afc4516e2bf3c609572b24d0ed385aee58c4b4befaccd6,PAPER_PROJECT/01_Literature/REFERENCES_VERIFIED.json
06_VALIDATION/literature_verification/REFERENCES_VERIFIED.md,5471,fab5941f0266acf461f7489af2c6ea3d786d7fee0083fb8fd331159565ab0586,PAPER_PROJECT/01_Literature/REFERENCES_VERIFIED.md
06_VALIDATION/literature_verification/SEARCH_LOG.md,6110,867ed6be3638114742c472ca4e75323db2c8726e0a37cb9ffa7ce573d6afbf4e,PAPER_PROJECT/01_Literature/SEARCH_LOG.md
06_VALIDATION/literature_verification/build_references.py,4037,3fa96bdb6ed2e490472d0ec6beb47f166f9fc05e7c173c6d933f5dd264f4644a,PAPER_PROJECT/01_Literature/build_references.py
06_VALIDATION/literature_verification/build_references_3.py,4222,b0bdd8e4bec682ab494c93d1ebe7a66713872a12d2b470ceb430508fcfd0b56c,PAPER_PROJECT/01_Literature/build_references_3.py
06_VALIDATION/literature_verification/crossref_verify.py,3539,054a4044621f9eec393104f2b4ee4978ed7c1a8722fd32cb526d1e3c1e086cb6,PAPER_PROJECT/01_Literature/crossref_verify.py
06_VALIDATION/literature_verification/crossref_verify2.py,2773,48f7c350afe56f191537f7a2337f8797020e4ca9d51118b5a58a8d338ce67078,PAPER_PROJECT/01_Literature/crossref_verify2.py
06_VALIDATION/rerun_comparison/D2_summary.json,277,d9451fd232914504ef56790305157f3495c71bca49ba6921335772f83fea581a,work/rerun/D2_summary.json
06_VALIDATION/rerun_comparison/D2_tests.log,736,38aec79c819b2d8e3ba90a34e6db373bd4f20b1dad054bbda50f5802b89da766,work/rerun/D2_tests.log
06_VALIDATION/rerun_comparison/D_tests.log,2205,d53eea1fb2b9e0c7f54fb4d565ffd8d3093629b6877d32f15de39317a0f47a4c,work/rerun/D_tests.log
06_VALIDATION/rerun_comparison/D_tests_summary.json,1377,f25e04edccd662d6efc7f83e8939e5fb7039d3d4c4daf3cd4d409ae298e7bf46,work/rerun/D_tests_summary.json
06_VALIDATION/rerun_comparison/REVIEW_FINDINGS.md,8129,d34ac3fc27524fc77093c32270ca6f004839c9580ad388308a050fc1f19fc54d,work/rerun/REVIEW_FINDINGS.md
06_VALIDATION/rerun_comparison/T64_A.log,526,2db1db84e6e1b8a4d52c40991ca3d18cf2c7c8366941650a96f0ad095a030884,work/rerun/T64_A.log
06_VALIDATION/rerun_comparison/T64_B.log,528,ef0df3484dace815897ba3ccaaada32dacb50c61a028fbde26acdb155b7a95de,work/rerun/T64_B.log
06_VALIDATION/rerun_comparison/ellipse_fixed.log,1758,0f870ce8db826b2c5912ba0b5051ad3a412b1d48bf84f0105f842adea17968d6,work/rerun/ellipse_fixed.log
06_VALIDATION/rerun_comparison/ellipse_fixed_summary.json,554,4031029b3dfa9687b3ae723634c8f07e649e81b8880956350d399573ec97bc41,work/rerun/ellipse_fixed_summary.json
06_VALIDATION/rerun_comparison/fixed_src/cg_model.py,5655,e05efcf171d53d44cc6189ea5163391da347030f8b765c81485fe1b0273610e6,work/rerun/fixed_src/cg_model.py
06_VALIDATION/rerun_comparison/iso_test.log,975,ea8c69a5fd06db9a40d0f3a77351be52279eae85602d67cf05587fa9ce8f8215,work/rerun/iso_test.log
06_VALIDATION/rerun_comparison/out_ell/fixed_chi2_phi000.json,783,b2de625034abfc80344e2696ec19cb3694455010407b305098a423bfff3ed03f,work/rerun/out_ell/fixed_chi2_phi000.json
06_VALIDATION/rerun_comparison/out_ell/fixed_chi2_phi000.npz,45388,bbb9f9c8679229638b4df2bc47d65607c4edd6a3ec1eb6ce7edcf22e3327f0f5,work/rerun/out_ell/fixed_chi2_phi000.npz
06_VALIDATION/rerun_comparison/out_ell/fixed_chi2_phi015.json,790,7bfe09a6accb2aa2da6409527ae201dca81ae3cb90b80fa40853778fd2955ffc,work/rerun/out_ell/fixed_chi2_phi015.json
06_VALIDATION/rerun_comparison/out_ell/fixed_chi2_phi015.npz,45531,1da2bb2bbf923578047bfebc55607d158aaeeec4de3f1b83de2e1bba0a9abdbd,work/rerun/out_ell/fixed_chi2_phi015.npz
06_VALIDATION/rerun_comparison/out_ell/fixed_chi2_phi030.json,781,a355b93df730ec70892f2ade2c6afce6b6ca2a75fd2160b9cc9c9afa77cd6af8,work/rerun/out_ell/fixed_chi2_phi030.json
06_VALIDATION/rerun_comparison/out_ell/fixed_chi2_phi030.npz,45355,1c7247aa7d333e058ac7ed0c11e0e46284f54dc3d54813c18a6ccfc08b23f595,work/rerun/out_ell/fixed_chi2_phi030.npz
06_VALIDATION/rerun_comparison/out_ell/fixed_chi2_phi045.json,787,4211688c1911b3be2c5daf32a29ed347e2a50e2fe8fd08fa5abc6db25e5b5490,work/rerun/out_ell/fixed_chi2_phi045.json
06_VALIDATION/rerun_comparison/out_ell/fixed_chi2_phi045.npz,45427,35d58379fecdfc204530a6bb76705dbaac4b001ccc42b667a5310e02d4686709,work/rerun/out_ell/fixed_chi2_phi045.npz
06_VALIDATION/rerun_comparison/out_ell/fixed_chi2_phi060.json,782,64cf112bd0852d73eb7a37b1b9cb0103e96663fe9619c86b55db398ba3bfac51,work/rerun/out_ell/fixed_chi2_phi060.json
06_VALIDATION/rerun_comparison/out_ell/fixed_chi2_phi060.npz,45309,055e3f6e66a6887f8d8a90168f62d7aad366c0ff6df72081bc9e0e49d6bc35fc,work/rerun/out_ell/fixed_chi2_phi060.npz
06_VALIDATION/rerun_comparison/out_ell/fixed_chi2_phi075.json,781,6ae9e04da0707aa84f185301d117da35314f713c8e12d8d846ed535d57f5403a,work/rerun/out_ell/fixed_chi2_phi075.json
06_VALIDATION/rerun_comparison/out_ell/fixed_chi2_phi075.npz,45352,7f35570cf54cba75de63f344819d6fd29d7830a9581fcddccc271be9251396c0,work/rerun/out_ell/fixed_chi2_phi075.npz
06_VALIDATION/rerun_comparison/out_ell/fixed_chi2_phi090.json,786,ff40c99cb3f3ab53026da862b4287996c8102380198cac3f2b179c17d6f1c1cc,work/rerun/out_ell/fixed_chi2_phi090.json
06_VALIDATION/rerun_comparison/out_ell/fixed_chi2_phi090.npz,45389,4c2248da3286f3815c086263f912c146f8c3c4ff1e3e4873d5158bb4091a7b95,work/rerun/out_ell/fixed_chi2_phi090.npz
06_VALIDATION/rerun_comparison/out_ell/fixed_chi2_phi105.json,784,d5dded1570f4886d3eaf49f8a41bd8080e490c7ff0f7988373ab09dbbb9b0d34,work/rerun/out_ell/fixed_chi2_phi105.json
06_VALIDATION/rerun_comparison/out_ell/fixed_chi2_phi105.npz,45320,3ab77188faa03cdd8090d68cc70a717ff1be4c0e87fd36f4f1da3e6d43dc7fea,work/rerun/out_ell/fixed_chi2_phi105.npz
06_VALIDATION/rerun_comparison/out_ell/fixed_chi2_phi120.json,790,32295a72e083b6d43f3128d52db65e5b1e4d7da36bcb9baeb839ee1dfe271a16,work/rerun/out_ell/fixed_chi2_phi120.json
06_VALIDATION/rerun_comparison/out_ell/fixed_chi2_phi120.npz,45498,841f9a03d14d7d1a7048976dd7160f4d463d884ca08a52cb21f9fc5494168837,work/rerun/out_ell/fixed_chi2_phi120.npz
06_VALIDATION/rerun_comparison/out_ell/fixed_chi2_phi135.json,781,8413d8caa63e8e07806f4c4da5371d2007ff1304a1f2443d1fb737d677265ef0,work/rerun/out_ell/fixed_chi2_phi135.json
06_VALIDATION/rerun_comparison/out_ell/fixed_chi2_phi135.npz,45704,8b67d18ac00172625ad54d4c7f1d8dee819ddba263cc354450e1e56475e5dcf9,work/rerun/out_ell/fixed_chi2_phi135.npz
06_VALIDATION/rerun_comparison/out_ell/fixed_chi2_phi150.json,785,3e097e720e2f451fde3e992f572d263646c941e82ff80c6024a5509a85bf22fc,work/rerun/out_ell/fixed_chi2_phi150.json
06_VALIDATION/rerun_comparison/out_ell/fixed_chi2_phi150.npz,45534,24149bb0352fc98f27af80943f8194b62572fa178bc5c9d928990ce4755f25bd,work/rerun/out_ell/fixed_chi2_phi150.npz
06_VALIDATION/rerun_comparison/out_ell/fixed_chi2_phi165.json,788,393c31c8bd21bdb0cd1b8673f3e76000fbc6463afb659fd0243dce9d8d817d8f,work/rerun/out_ell/fixed_chi2_phi165.json
06_VALIDATION/rerun_comparison/out_ell/fixed_chi2_phi165.npz,45529,86f7f41ce849f7cbb2a36276621825d8bea2e1a4cdf293b5b7f49fab54c509c0,work/rerun/out_ell/fixed_chi2_phi165.npz
06_VALIDATION/rerun_comparison/proj/ASSUMPTIONS.md,1942,3f635222804b0046a4f8e2ac9449fdbb99f828dd31cfdcd11bf6ea10acec7e7a,work/rerun/proj/ASSUMPTIONS.md
06_VALIDATION/rerun_comparison/proj/JOURNAL_SCREENING.md,3462,97f3efb7da504f1323425b933cbd040fbc1fde3986109a8b5f5ee3af5d66629d,work/rerun/proj/JOURNAL_SCREENING.md
06_VALIDATION/rerun_comparison/proj/MANUSCRIPT_DRAFT.md,11735,acd5cbb736d4f74eecad3ff268c6303814a39a08e1a090c4321758594fa599e9,work/rerun/proj/MANUSCRIPT_DRAFT.md
06_VALIDATION/rerun_comparison/proj/MATHEMATICAL_FORMULATION.md,4814,3c2ea58f48e742ef93d6be5450f465aeab9a54de303f301f109f2da57ba46bfb,work/rerun/proj/MATHEMATICAL_FORMULATION.md
06_VALIDATION/rerun_comparison/proj/NUMERICAL_METHOD_SELECTION.md,3176,eb930f5e5b33d5d6afd1c078a21e9a27d992da83ffa001442077e87412a3658c,work/rerun/proj/NUMERICAL_METHOD_SELECTION.md
06_VALIDATION/rerun_comparison/proj/PARAMETER_TABLE.md,4241,1104da2c0469b11c8f09cf9bdfb18d4a569fbfeae0abf6815089d1363f4ce2b1,work/rerun/proj/PARAMETER_TABLE.md
06_VALIDATION/rerun_comparison/proj/PHYSICAL_VALIDATION_PLAN.md,1878,48a82693f672999324b5f484865fa10a1a346100993805bb04ac26e6f8238b7b,work/rerun/proj/PHYSICAL_VALIDATION_PLAN.md
06_VALIDATION/rerun_comparison/proj/PRIOR_WORK_COMPARISON_R2.md,5652,97e93334e7aa9d48858e3292143eb9ceeb2a67d52a9003cae03e136dbe5d4a07,work/rerun/proj/PRIOR_WORK_COMPARISON_R2.md
06_VALIDATION/rerun_comparison/proj/PROBLEM_DEFINITION.md,5266,3850b8fd890a7a6a321ac9f41bfc48219fadcc3d10fc442202b2edffcc6fe8dc,work/rerun/proj/PROBLEM_DEFINITION.md
06_VALIDATION/rerun_comparison/proj/PROJECT_STATE_PHASE_08.md,3841,38addc3daa4d803a73405420bcf211eec0fa128d4fa28d2078af008f886aba0c,work/rerun/proj/PROJECT_STATE_PHASE_08.md
06_VALIDATION/rerun_comparison/proj/PROJECT_STATE_PHASE_09.md,1053,332e680f2055608084c58b2800f06827b8528d3feba59650f51e103a7de69775,work/rerun/proj/PROJECT_STATE_PHASE_09.md
06_VALIDATION/rerun_comparison/proj/PROJECT_STATE_PHASE_10.md,1068,15ffca899a72181f83b4e8f776fe77973feff0646b51c1338df3a5a3481abaf8,work/rerun/proj/PROJECT_STATE_PHASE_10.md
06_VALIDATION/rerun_comparison/proj/PROJECT_STATE_PHASE_11.md,1138,158f9665b415c6fc8d77ed9edaf45670efe279172d20a8745ea5251befaaf6f4,work/rerun/proj/PROJECT_STATE_PHASE_11.md
06_VALIDATION/rerun_comparison/proj/PROJECT_STATE_PHASE_12.md,1052,27b7f9516dab8f1e3ae23c541ea3e31444a72e344fa950b5150ebe8f3df9230a,work/rerun/proj/PROJECT_STATE_PHASE_12.md
06_VALIDATION/rerun_comparison/proj/PROJECT_STATE_PHASE_13.md,2385,087aadf3054378ea5c41eba455c88c2831f2483833f4b14fffe0cbc61ce48409,work/rerun/proj/PROJECT_STATE_PHASE_13.md
06_VALIDATION/rerun_comparison/proj/SCIENTIFIC_ACCEPTANCE_PLAN.md,5038,efa6555389ede575ea6a759e7e41f5c154a5d0d5ecf5ecf2d3a3c64abbe66d8d,work/rerun/proj/SCIENTIFIC_ACCEPTANCE_PLAN.md
06_VALIDATION/rerun_comparison/proj/SEARCH_LOG.md,7436,c244548e7c51cbcebff6c5b8cbda52fc6536f8492a9ac3cafa054040ebbb5413,work/rerun/proj/SEARCH_LOG.md
06_VALIDATION/rerun_comparison/proj/SELF_AUDIT_CHECKLIST.md,2101,69579ec6813c3dfb63eb809e0e2d5da44f51f768cac0ff26cbb1247ead705c22,work/rerun/proj/SELF_AUDIT_CHECKLIST.md
06_VALIDATION/rerun_comparison/proj/SUBMISSION_PACKAGE/README.md,2060,c7b8881a21470a52c15a8970aa8c6ffa8dd3be3470ff2a4856726e2ad83b0383,work/rerun/proj/SUBMISSION_PACKAGE/README.md
06_VALIDATION/rerun_comparison/proj/SUBMISSION_PACKAGE/cover_letter.md,2379,d2fd3d495212156da6e4657230d5a1981384e193d99b3ec736c7cd8ad2383fda,work/rerun/proj/SUBMISSION_PACKAGE/cover_letter.md
06_VALIDATION/rerun_comparison/proj/SUBMISSION_PACKAGE/declarations.md,1225,cc934216865d73805ad987dadb1f8514def815c89d10c54d8c00674dfe08b078,work/rerun/proj/SUBMISSION_PACKAGE/declarations.md
06_VALIDATION/rerun_comparison/proj/SUBMISSION_PACKAGE/manuscript_IJHMT.md,16490,3ddc7637a5340aacc0aff0ed67a110567c8bc49a721ff8ba7573fe46ff342cd3,work/rerun/proj/SUBMISSION_PACKAGE/manuscript_IJHMT.md
06_VALIDATION/rerun_comparison/proj/SUBMISSION_PACKAGE/title_page.md,1009,02ca067b8855fec96aced637a7d98e610fd99db1f6a900601d9d197d1bc7b6d9,work/rerun/proj/SUBMISSION_PACKAGE/title_page.md
06_VALIDATION/rerun_comparison/proj/VERIFICATION_PLAN.md,3489,5b27e80866ca6941983f9891f8fc628d79062f7aaa530e690d108ae6c3cbc6a1,work/rerun/proj/VERIFICATION_PLAN.md
06_VALIDATION/rerun_comparison/proj/analyze_production.py,7097,afa325fa11adaaada9fb0926c35c3f2796bfcf23804acaf10fcea384866aa032,work/rerun/proj/analyze_production.py
06_VALIDATION/rerun_comparison/proj/data/ANALYSIS.json,3026,65b32d58bb5ed40706c59bea277afd82506c2b4320ad5d0f5f0610fb88d1b807,work/rerun/proj/data/ANALYSIS.json
06_VALIDATION/rerun_comparison/proj/data/ANALYSIS_EXPLORATORY_SCALING.json,2092,4d79fba93c80495f725275483a79b8541d7b5eca0f34beeab1e7a6e6837ad1b4,work/rerun/proj/data/ANALYSIS_EXPLORATORY_SCALING.json
06_VALIDATION/rerun_comparison/proj/data/ANALYSIS_TABLE.md,1138,202f832289d60baa8e56be906e4c0710e00e7468a0ffed90e9dabe5b6dc25adb,work/rerun/proj/data/ANALYSIS_TABLE.md
06_VALIDATION/rerun_comparison/proj/data/CODE_FREEZE.json,908,740e2a19e7308065a28a515b9d86b0a738a7aa3593e17bae5531e573f08eb2d9,work/rerun/proj/data/CODE_FREEZE.json
06_VALIDATION/rerun_comparison/proj/data/ENVIRONMENT.json,183,abf379a35ce10fab916a94d2684086c65cf6636efb903979d9baa435bd2fc6ee,work/rerun/proj/data/ENVIRONMENT.json
06_VALIDATION/rerun_comparison/proj/data/NUMBERS_AUDIT.csv,945,ac7c26b21568d890173dda63e19215904050fdeba8cc055af03bc732adccd8f3,work/rerun/proj/data/NUMBERS_AUDIT.csv
06_VALIDATION/rerun_comparison/proj/data/PROD/A_chi1_phi000.json,777,0d57cdd460f276198dfb923f870c3b4afe879529671dfb2092192a4ae55a53c7,work/rerun/proj/data/PROD/A_chi1_phi000.json
06_VALIDATION/rerun_comparison/proj/data/PROD/A_chi1_phi000.npz,45418,5605a34bb288146f2c910c2422fff3f61a6aa61a4dab5de6a9e89d85c451731e,work/rerun/proj/data/PROD/A_chi1_phi000.npz
06_VALIDATION/rerun_comparison/proj/data/PROD/A_chi1_phi015.json,781,bf9be8ef3e6648723039ceb6077ecfea6e73466b19ca5c6476c39c5e223a7648,work/rerun/proj/data/PROD/A_chi1_phi015.json
06_VALIDATION/rerun_comparison/proj/data/PROD/A_chi1_phi015.npz,45590,2ec2169751067dc61c856a05aa7780cf1e759a2aeec7e1e8e0cbd6c821dbaac5,work/rerun/proj/data/PROD/A_chi1_phi015.npz
06_VALIDATION/rerun_comparison/proj/data/PROD/A_chi1_phi030.json,779,89e1b70d32055fead7b6ed903a7dae87bde1995b6777d45b5c003b9af4631424,work/rerun/proj/data/PROD/A_chi1_phi030.json
06_VALIDATION/rerun_comparison/proj/data/PROD/A_chi1_phi030.npz,45293,f6e7c71dca2d04a7a50731b50cb88420bf26a8acfa2309bc4dc49a9b54cb8188,work/rerun/proj/data/PROD/A_chi1_phi030.npz
06_VALIDATION/rerun_comparison/proj/data/PROD/A_chi1_phi045.json,783,3b1fdbe439f2286bfc5bad44fcd1d7b815748bfe53ec834b5f51c4673d29e232,work/rerun/proj/data/PROD/A_chi1_phi045.json
06_VALIDATION/rerun_comparison/proj/data/PROD/A_chi1_phi045.npz,45523,637fa610717360c90e001cbcc6e7004ba374578f5f4663e40f2c12940caf3105,work/rerun/proj/data/PROD/A_chi1_phi045.npz
06_VALIDATION/rerun_comparison/proj/data/PROD/A_chi1_phi060.json,778,4060083422d2be33677e95df87a0a23ba080969f058ab00d478fd18e39e59395,work/rerun/proj/data/PROD/A_chi1_phi060.json
06_VALIDATION/rerun_comparison/proj/data/PROD/A_chi1_phi060.npz,45399,cb0788b502d845c99ce6770b08c6553975eb950eac9959c929cd1689744ebf1b,work/rerun/proj/data/PROD/A_chi1_phi060.npz
06_VALIDATION/rerun_comparison/proj/data/PROD/A_chi1_phi075.json,781,3b344c94113a6692f7afec318f11fd52b40e226aacc605acc7c04bec2e4877a8,work/rerun/proj/data/PROD/A_chi1_phi075.json
06_VALIDATION/rerun_comparison/proj/data/PROD/A_chi1_phi075.npz,45481,47274dd369a74f371675d55e8e1a122e02bf90dba59abdd0b446562052e0b137,work/rerun/proj/data/PROD/A_chi1_phi075.npz
06_VALIDATION/rerun_comparison/proj/data/PROD/A_chi1_phi090.json,780,03de9af589a526a72ea704c7ac57e5482c7f0b90c514e3822c2efd10b4b41e1c,work/rerun/proj/data/PROD/A_chi1_phi090.json
06_VALIDATION/rerun_comparison/proj/data/PROD/A_chi1_phi090.npz,45310,5d712d2312c723204cfca5f59d55f69b5ce5f473dfbf524fa82af8cd7a791309,work/rerun/proj/data/PROD/A_chi1_phi090.npz
06_VALIDATION/rerun_comparison/proj/data/PROD/A_chi1_phi105.json,783,35e1e62c24a7b703cfa910c7342624cbdce9ff8afceb43bf916be119bc1524ab,work/rerun/proj/data/PROD/A_chi1_phi105.json
06_VALIDATION/rerun_comparison/proj/data/PROD/A_chi1_phi105.npz,45448,edead0ec734ede31690987e73241a42e68dba833d1957f44fa31d1fd238ffcfc,work/rerun/proj/data/PROD/A_chi1_phi105.npz
06_VALIDATION/rerun_comparison/proj/data/PROD/A_chi1_phi120.json,788,1f9792dda919d453fd6e9915c115e8fb6db78dc96375f8704e718a34b29c504e,work/rerun/proj/data/PROD/A_chi1_phi120.json
06_VALIDATION/rerun_comparison/proj/data/PROD/A_chi1_phi120.npz,45264,4be099590e2626f7dd6a1425467687b396ecdb5f3c6ceaef6be5b626b6956f28,work/rerun/proj/data/PROD/A_chi1_phi120.npz
06_VALIDATION/rerun_comparison/proj/data/PROD/A_chi1_phi135.json,784,6e57ec7c350c880649d1597f83e1a2ecd2f6b83ead4cf873c8acedbe10b0019f,work/rerun/proj/data/PROD/A_chi1_phi135.json
06_VALIDATION/rerun_comparison/proj/data/PROD/A_chi1_phi135.npz,45268,b966136ef92fbb21604e3c0168478d2ebc4da5ac946aeb19d38c9ff27573e73f,work/rerun/proj/data/PROD/A_chi1_phi135.npz
06_VALIDATION/rerun_comparison/proj/data/PROD/A_chi1_phi150.json,781,8931c9014c04e71f825f458e97d21f8d3819deee76145021e83b4eed9ae05f88,work/rerun/proj/data/PROD/A_chi1_phi150.json
06_VALIDATION/rerun_comparison/proj/data/PROD/A_chi1_phi150.npz,45377,1d4fcdfcabf388efa85046fe8b6feaf07e3cb821105bd6e6e7c71892fd23b18f,work/rerun/proj/data/PROD/A_chi1_phi150.npz
06_VALIDATION/rerun_comparison/proj/data/PROD/A_chi1_phi165.json,779,d70b9c3613b110e9a3cdb226426686acf128a5bb2c499e771f7915f3daa5ee7e,work/rerun/proj/data/PROD/A_chi1_phi165.json
06_VALIDATION/rerun_comparison/proj/data/PROD/A_chi1_phi165.npz,45325,bab2ef391d7e5cbae0d369539753ac9dea55442e095d815718fc93c8f33689cb,work/rerun/proj/data/PROD/A_chi1_phi165.npz
06_VALIDATION/rerun_comparison/proj/data/PROD/A_chi2_phi000.json,779,371e1b0f8effe2101d60c38c079ab2cc03519241161b8762371d7bc558aa54b2,work/rerun/proj/data/PROD/A_chi2_phi000.json
06_VALIDATION/rerun_comparison/proj/data/PROD/A_chi2_phi000.npz,45431,05d0b9e7592c974a3a152de3ae96651db8563d4b376644df562194c4cf4c61a0,work/rerun/proj/data/PROD/A_chi2_phi000.npz
06_VALIDATION/rerun_comparison/proj/data/PROD/A_chi2_phi015.json,784,d71cd31772aac5bd9005510113f1c9e7b0992d91beb8498aa8ca13a06b11d295,work/rerun/proj/data/PROD/A_chi2_phi015.json
06_VALIDATION/rerun_comparison/proj/data/PROD/A_chi2_phi015.npz,45587,c498dfa09788fcf67a7ce4eb7471ff67bd7d8b59522237e7ca0b87f98df57aa6,work/rerun/proj/data/PROD/A_chi2_phi015.npz
06_VALIDATION/rerun_comparison/proj/data/PROD/A_chi2_phi030.json,777,c57b9d0f5daea0a93a0f0a2d71e8cf93150a7e2b42aae5e34a3ea5b8402dd1a9,work/rerun/proj/data/PROD/A_chi2_phi030.json
06_VALIDATION/rerun_comparison/proj/data/PROD/A_chi2_phi030.npz,45438,d0a491ea4102e9e1c0d7e304695a272b97524973f91094ddfcb0ea11c7d1b62f,work/rerun/proj/data/PROD/A_chi2_phi030.npz
06_VALIDATION/rerun_comparison/proj/data/PROD/A_chi2_phi045.json,769,a2a03c988bf252b5ce77d93ab3669fa5b44be24024b8cf0a7d16b71886d94c47,work/rerun/proj/data/PROD/A_chi2_phi045.json
06_VALIDATION/rerun_comparison/proj/data/PROD/A_chi2_phi045.npz,45558,a9324444e56c50dc0f4fbc91d0901a000f403be62dc0428889780e49a1e76d7b,work/rerun/proj/data/PROD/A_chi2_phi045.npz
06_VALIDATION/rerun_comparison/proj/data/PROD/A_chi2_phi060.json,784,ef8db65aeb7605da62c407d51b982f164b8e88bd912b54b0af6b32c136e9dcc2,work/rerun/proj/data/PROD/A_chi2_phi060.json
06_VALIDATION/rerun_comparison/proj/data/PROD/A_chi2_phi060.npz,45479,bbce2c85356363b79ca6880676f90dc928c49154339696221ea2f269e5d0b3bc,work/rerun/proj/data/PROD/A_chi2_phi060.npz
06_VALIDATION/rerun_comparison/proj/data/PROD/A_chi2_phi075.json,780,1bea4bb0b57e8e71eee5824f3bfc9c1434d99882ade8b7875fc4bc62921a1aad,work/rerun/proj/data/PROD/A_chi2_phi075.json
06_VALIDATION/rerun_comparison/proj/data/PROD/A_chi2_phi075.npz,45353,0b219223c7d3b4465d39986e04adf1abed40732115e3ebd1a9f6b93023f9c760,work/rerun/proj/data/PROD/A_chi2_phi075.npz
06_VALIDATION/rerun_comparison/proj/data/PROD/A_chi2_phi090.json,782,61e52551129c73f796f51e56b833cdd12c95defeeb00af4875a0c572efff0272,work/rerun/proj/data/PROD/A_chi2_phi090.json
06_VALIDATION/rerun_comparison/proj/data/PROD/A_chi2_phi090.npz,45378,1cbc5289c61752f780a2776e3d1090e5051b012d9fc740dbb13ac7457a90909c,work/rerun/proj/data/PROD/A_chi2_phi090.npz
06_VALIDATION/rerun_comparison/proj/data/PROD/A_chi2_phi105.json,780,acec1df45760d076952dd81cf5984982aeb54e73c53691f02eee184058a701fd,work/rerun/proj/data/PROD/A_chi2_phi105.json
06_VALIDATION/rerun_comparison/proj/data/PROD/A_chi2_phi105.npz,45338,1cbc491c4a8daf02962e2a92e0583a18c24c374de2c4265c6dface3f5e2691bf,work/rerun/proj/data/PROD/A_chi2_phi105.npz
06_VALIDATION/rerun_comparison/proj/data/PROD/A_chi2_phi120.json,779,6a7530bfdf8419799a8aa269539681786bdce4370b38e8d259f1213c528d16fe,work/rerun/proj/data/PROD/A_chi2_phi120.json
06_VALIDATION/rerun_comparison/proj/data/PROD/A_chi2_phi120.npz,45561,2c94d40b7e826287ef9285706a3d3bffe781befb973402f1811d9e6ad49400eb,work/rerun/proj/data/PROD/A_chi2_phi120.npz
06_VALIDATION/rerun_comparison/proj/data/PROD/A_chi2_phi135.json,779,89c0b820fdfed12c0719e948d50831dc9e2219961bceb9c4638261b160e84b5c,work/rerun/proj/data/PROD/A_chi2_phi135.json
06_VALIDATION/rerun_comparison/proj/data/PROD/A_chi2_phi135.npz,45443,42565c63a9ec871766ce916067c7dc77984df53e3bc3ecf688b754b6e1d87330,work/rerun/proj/data/PROD/A_chi2_phi135.npz
06_VALIDATION/rerun_comparison/proj/data/PROD/A_chi2_phi150.json,775,6f4d81f47238ae7c91fabae1c5da36b842f5e24c67acecbf40869a9afdaa427f,work/rerun/proj/data/PROD/A_chi2_phi150.json
06_VALIDATION/rerun_comparison/proj/data/PROD/A_chi2_phi150.npz,45471,ee93722a29d956dae74304b5175c1b73b6a373873ce42615f6f18376c38c8c72,work/rerun/proj/data/PROD/A_chi2_phi150.npz
06_VALIDATION/rerun_comparison/proj/data/PROD/A_chi2_phi165.json,781,25b706d4fea1183521c37734fff243a33a104ad94a718269a33089283f918a90,work/rerun/proj/data/PROD/A_chi2_phi165.json
06_VALIDATION/rerun_comparison/proj/data/PROD/A_chi2_phi165.npz,45636,3becf6930c5699daf5e3e280b8029fc04beb21738a8bb7933a2cb4bd76c5e7bd,work/rerun/proj/data/PROD/A_chi2_phi165.npz
06_VALIDATION/rerun_comparison/proj/data/PROD/B_CV_tau1_a10.json,773,6712f088b14cee90dc95da97764888f1f8fe1697e8f4630ebc6ce57e61a12293,work/rerun/proj/data/PROD/B_CV_tau1_a10.json
06_VALIDATION/rerun_comparison/proj/data/PROD/B_CV_tau1_a10.npz,45429,9cdb5158dd26d9da1f38f93bcaea8a29fb2290e97735621ab47b9002929f018b,work/rerun/proj/data/PROD/B_CV_tau1_a10.npz
06_VALIDATION/rerun_comparison/proj/data/PROD/B_CV_tau20_a10.json,774,819e8bf58b2750f878fafac1789230eae110db84384b6b00835c9034e90ec6fa,work/rerun/proj/data/PROD/B_CV_tau20_a10.json
06_VALIDATION/rerun_comparison/proj/data/PROD/B_CV_tau20_a10.npz,45444,57b2396d12ec8ecc3915f2c1b7bd2172c4aea8aa59aca5d5cb1ec77b43b3816d,work/rerun/proj/data/PROD/B_CV_tau20_a10.npz
06_VALIDATION/rerun_comparison/proj/data/PROD/B_CV_tau20_a20.json,773,2364038ab66d2bdd55f5e31c703095fef414e876bc74a0f23bca6cdcaead7e0d,work/rerun/proj/data/PROD/B_CV_tau20_a20.json
06_VALIDATION/rerun_comparison/proj/data/PROD/B_CV_tau20_a20.npz,45350,90a39c3cd04ebafaa783e761c7b1aba7613631b7256c9c8810bb440e7e092f61,work/rerun/proj/data/PROD/B_CV_tau20_a20.npz
06_VALIDATION/rerun_comparison/proj/data/PROD/B_CV_tau20_a5.json,775,f3d81f84dd44eaf7a87aa22a0cee7152d5f9aac262e22bc0d70dd020abc90d96,work/rerun/proj/data/PROD/B_CV_tau20_a5.json
06_VALIDATION/rerun_comparison/proj/data/PROD/B_CV_tau20_a5.npz,44858,5e63a3ff96a00456290ce7364116ba8454916790cdb43b3d00cd37b4e8be2afc,work/rerun/proj/data/PROD/B_CV_tau20_a5.npz
06_VALIDATION/rerun_comparison/proj/data/PROD/B_CV_tau20_a50.json,777,a87569018ff190e13a0f8b9574b0430ce198c465b1b86e0e41a7320a4be1f0c6,work/rerun/proj/data/PROD/B_CV_tau20_a50.json
06_VALIDATION/rerun_comparison/proj/data/PROD/B_CV_tau20_a50.npz,45222,42ceb506a50de7f8ebfae4ec3762beaf5051d378da0da7ac50cc3ec85d65cf6c,work/rerun/proj/data/PROD/B_CV_tau20_a50.npz
06_VALIDATION/rerun_comparison/proj/data/PROD/B_CV_tau5_a10.json,776,1610c9aad47050799c2af402c32d83c68a2fe5baaba9ae886ef3df47f575ec2a,work/rerun/proj/data/PROD/B_CV_tau5_a10.json
06_VALIDATION/rerun_comparison/proj/data/PROD/B_CV_tau5_a10.npz,45400,bb2522cb71a9f539c8d581dd97023123d82231e68cf7c224df89f881c3d40c9c,work/rerun/proj/data/PROD/B_CV_tau5_a10.npz
06_VALIDATION/rerun_comparison/proj/data/PROD/B_F_tau0_a20.json,775,834200b195b491a92afb73edfd7f30b3fcf195decdbc19134ccacc5c1a226ce1,work/rerun/proj/data/PROD/B_F_tau0_a20.json
06_VALIDATION/rerun_comparison/proj/data/PROD/B_F_tau0_a20.npz,45214,cd43646cd2666c61a78044633a42e2e7c3b49748e2d20e2039f71a824928abf9,work/rerun/proj/data/PROD/B_F_tau0_a20.npz
06_VALIDATION/rerun_comparison/proj/data/PROD/B_F_tau0_a5.json,777,11b921b6a7d0ea718343f84221ea2de25df8ee5b3503b44007ea12895960c900,work/rerun/proj/data/PROD/B_F_tau0_a5.json
06_VALIDATION/rerun_comparison/proj/data/PROD/B_F_tau0_a5.npz,45269,24af4d094a1a734ea14f26e7059ac54fcfeae90190e751197119cf0b5de00fe8,work/rerun/proj/data/PROD/B_F_tau0_a5.npz
06_VALIDATION/rerun_comparison/proj/data/PROD/B_F_tau0_a50.json,773,a1649e77d7b572b3a74e4e617b7f392cfa124c6a2399e300a74a871875cc6a4b,work/rerun/proj/data/PROD/B_F_tau0_a50.json
06_VALIDATION/rerun_comparison/proj/data/PROD/B_F_tau0_a50.npz,45133,8c8fe6d0332c9445e64cf461059d8fcd4edf997ea9f379a53413ccf257fcdd56,work/rerun/proj/data/PROD/B_F_tau0_a50.npz
06_VALIDATION/rerun_comparison/proj/data/PROD/B_MCV3_tau20_a10.json,781,18de3ea763fc5158e800e6644b0bc3ec78069109569b046655b64142e1dcbb3e,work/rerun/proj/data/PROD/B_MCV3_tau20_a10.json
06_VALIDATION/rerun_comparison/proj/data/PROD/B_MCV3_tau20_a10.npz,45254,de9d2cba99b1a5d2618623e074e512c4b8f27b2ddaca20452c1210eb49aa976e,work/rerun/proj/data/PROD/B_MCV3_tau20_a10.npz
06_VALIDATION/rerun_comparison/proj/data/PROD/B_MCV3_tau5_a10.json,781,81645f76af64ef03ce5d263381e42d18fec5a90443d12588af7fd87665c1366c,work/rerun/proj/data/PROD/B_MCV3_tau5_a10.json
06_VALIDATION/rerun_comparison/proj/data/PROD/B_MCV3_tau5_a10.npz,45428,569860f616b14d7644f8b80c774a27eb848f95d31f523b59904fa1e024b81008,work/rerun/proj/data/PROD/B_MCV3_tau5_a10.npz
06_VALIDATION/rerun_comparison/proj/data/PROD/C_CV_tau20_coupling_off.json,787,fb037be4b9df1b097a87327373115735010556104ee74a934b9f6befcfa5ef80,work/rerun/proj/data/PROD/C_CV_tau20_coupling_off.json
06_VALIDATION/rerun_comparison/proj/data/PROD/C_CV_tau20_coupling_off.npz,37733,9a61796ed8d8555ba9993c2945db8fcf321a9862ecb9622fafd2290b9c1a68c2,work/rerun/proj/data/PROD/C_CV_tau20_coupling_off.npz
06_VALIDATION/rerun_comparison/proj/data/PROD/D_iso_circle.json,797,e0248cd48c31641c52ca3e5f0607e71692af358114a5de268b2375bb7f8c911b,work/rerun/proj/data/PROD/D_iso_circle.json
06_VALIDATION/rerun_comparison/proj/data/PROD/D_iso_circle.npz,34626,091bc317b0bf3860d7bade5505000df8c67fde88b7234500bde47afba90aa182,work/rerun/proj/data/PROD/D_iso_circle.npz
06_VALIDATION/rerun_comparison/proj/data/PROD/D_iso_ellipse.json,782,de924e0623c43492c5e50b1ed934524df2760febbde48cb27fe1590618b9940e,work/rerun/proj/data/PROD/D_iso_ellipse.json
06_VALIDATION/rerun_comparison/proj/data/PROD/D_iso_ellipse.npz,42785,1c63c801a023d6618c32c4d67e36cae605181e6995da826ffe2ad6919a933b95,work/rerun/proj/data/PROD/D_iso_ellipse.npz
06_VALIDATION/rerun_comparison/proj/data/PROD/PRODUCTION_SUMMARY.json,34913,835824008c217b4633b871b62a91d754f6baf34601d8016a6544b7615dad4996,work/rerun/proj/data/PROD/PRODUCTION_SUMMARY.json
06_VALIDATION/rerun_comparison/proj/data/PROD/S_circle_eta002.json,782,1d38e57a0412c72cfbc161440b0a031ea40a73f18c41b0774fb2378ca60aee95,work/rerun/proj/data/PROD/S_circle_eta002.json
06_VALIDATION/rerun_comparison/proj/data/PROD/S_circle_eta002.npz,45329,529af4ee4d9612ead23f3e2a8feb180ad0fd69ca9528daa94950b39ade733872,work/rerun/proj/data/PROD/S_circle_eta002.npz
06_VALIDATION/rerun_comparison/proj/data/PROD/S_circle_eta01.json,770,44bcf13d93b4bda5b92c677c3c65b2c13a74a94045d67d74d15b17824da8ef10,work/rerun/proj/data/PROD/S_circle_eta01.json
06_VALIDATION/rerun_comparison/proj/data/PROD/S_circle_eta01.npz,45308,2322b707ea187a24c73c4e1f1a3d57da94cf016b431c09d678d5913a886a8158,work/rerun/proj/data/PROD/S_circle_eta01.npz
06_VALIDATION/rerun_comparison/proj/data/PROD/S_ellipse_eta002.json,795,d2bc7a0d30948add62879d621c7290864bac8ce0ba7c6c74010a1f3abd69b199,work/rerun/proj/data/PROD/S_ellipse_eta002.json
06_VALIDATION/rerun_comparison/proj/data/PROD/S_ellipse_eta002.npz,45538,64fab9d5bb16b2d215d2f850fa3c983d7c9c6efbcd79cf423c2d4e507960a900,work/rerun/proj/data/PROD/S_ellipse_eta002.npz
06_VALIDATION/rerun_comparison/proj/data/PROD/S_ellipse_eta01.json,794,db38ca9b8612875c0f4f1efdcd2c1133788c37362de8b48f6dc06e1215797ba7,work/rerun/proj/data/PROD/S_ellipse_eta01.json
06_VALIDATION/rerun_comparison/proj/data/PROD/S_ellipse_eta01.npz,45500,2a2b830b9d1add9abacaa0b12e2fcca6f0157b3901bab75398f9c472c891bc97,work/rerun/proj/data/PROD/S_ellipse_eta01.npz
06_VALIDATION/rerun_comparison/proj/data/PROD/Spot_chi2_phi030_192.json,786,c02240414bda9f3bcac8990125047d0ad4e9b80d611b2ea366817029adfb45e4,work/rerun/proj/data/PROD/Spot_chi2_phi030_192.json
06_VALIDATION/rerun_comparison/proj/data/PROD/Spot_chi2_phi030_192.npz,97990,ca66a73f3c6acff8767a20fb2cb06c394f47a7f11c82e578456d4ef8a106c5aa,work/rerun/proj/data/PROD/Spot_chi2_phi030_192.npz
06_VALIDATION/rerun_comparison/proj/data/PROD/Spot_chi2_phi090_192.json,790,afa8ce7d5f39903ea77b213117e4208e1d933bfd324c9702943cb2e9ada4f725,work/rerun/proj/data/PROD/Spot_chi2_phi090_192.json
06_VALIDATION/rerun_comparison/proj/data/PROD/Spot_chi2_phi090_192.npz,97687,c3f318e179c4e09d290002a628122e67bc99b9a6ce255756229c7ad824e12af8,work/rerun/proj/data/PROD/Spot_chi2_phi090_192.npz
06_VALIDATION/rerun_comparison/proj/data/PROD/T3_probe_theta_r2a.npz,70517,62e8ff6a2f6832d89a12aaede3e1e5e9540f724a25878b407860b4e70919f4ee,work/rerun/proj/data/PROD/T3_probe_theta_r2a.npz
06_VALIDATION/rerun_comparison/proj/data/SUPP_D_lambda.csv,242,26544ff1f0b3cb911d6ba5e46f45361cc3aa31c42a86874354d56e36d6d17ef5,work/rerun/proj/data/SUPP_D_lambda.csv
06_VALIDATION/rerun_comparison/proj/data/SUPP_cp_worked_example.csv,308,9aef2b9c4fc18873bb6be7637ba190c67de9b227a671d57e86788ae960b1a319,work/rerun/proj/data/SUPP_cp_worked_example.csv
06_VALIDATION/rerun_comparison/proj/data/SUPP_phi_sweep.csv,662,70b764e94c577217ffdb10b497b7d7b2fbbe655b9866516f8a07bea12561f730,work/rerun/proj/data/SUPP_phi_sweep.csv
06_VALIDATION/rerun_comparison/proj/data/SUPP_verification.csv,935,c01aafd171e01895bcb5281acd2c946eb606fe6068570b2c7281c1d9e93901c8,work/rerun/proj/data/SUPP_verification.csv
06_VALIDATION/rerun_comparison/proj/data/VERIFY.json,4325,861faca6dcb6e39265b12eb38a668613f306a8f2d83bd7760d40ee7a967abba8,work/rerun/proj/data/VERIFY.json
06_VALIDATION/rerun_comparison/proj/figures/FIGURE_CAPTIONS.md,1477,0b3a2ae99bf58dd9a6bac94a1d9e072b7f42e7b346078a4650e5384c40b49e4a,work/rerun/proj/figures/FIGURE_CAPTIONS.md
06_VALIDATION/rerun_comparison/proj/figures/fig1_sigma_phi.png,48075,078e0c9297803cae7b8c173606e88e90425a45fa20e86413cd44ac4ba74742fb,work/rerun/proj/figures/fig1_sigma_phi.png
06_VALIDATION/rerun_comparison/proj/figures/fig2_D_lambda.png,38629,ceb1ad81a43eca95a5ca66bbcbb216aaa7568ab95a1a551738f41669902d3701,work/rerun/proj/figures/fig2_D_lambda.png
06_VALIDATION/rerun_comparison/proj/figures/fig3_series.png,124021,3a9c068391a0623ac3457704e5935d07233ce1045a978c027129361ec1aeb615,work/rerun/proj/figures/fig3_series.png
06_VALIDATION/rerun_comparison/proj/figures/fig4_angular.png,115617,b09d44d4a5050290f6bacd3fde180f60ec35309ab665bcb0febc93ce6d24382f,work/rerun/proj/figures/fig4_angular.png
06_VALIDATION/rerun_comparison/proj/figures/fig5_scaling.png,64080,32ec6f2f179595091a8229c3d7d4b7ae132d32927e817eb29008c95626c63507,work/rerun/proj/figures/fig5_scaling.png
06_VALIDATION/rerun_comparison/proj/logs/PLAN_FREEZE.json,981,7eab30ae9f47e056c7cc6d135705ba66a0b479bc21ec2fca92b272a128ab603c,work/rerun/proj/logs/PLAN_FREEZE.json
06_VALIDATION/rerun_comparison/proj/logs/production_v1.log,529,ec249bb9f17f407b5d5d78d6b12aacff21ee7e2f729d3eb804778ebaf1d57229,work/rerun/proj/logs/production_v1.log
06_VALIDATION/rerun_comparison/proj/logs/production_v2.log,3374,baaa846515d8899632728ee971029dea28abf3d2f5a0db0696b9a696f2b18f84,work/rerun/proj/logs/production_v2.log
06_VALIDATION/rerun_comparison/proj/logs/verify_rerun_v3.log,1495,02bd25af61239a41ecd71f0eec110859557cf3cd558f12f09fb7d9f3a52c431e,work/rerun/proj/logs/verify_rerun_v3.log
06_VALIDATION/rerun_comparison/proj/run_production.py,8262,8ce4db7c0430955ee8f65cf31235962c73e16b2906e1ec436642f7d02e509022,work/rerun/proj/run_production.py
06_VALIDATION/rerun_comparison/proj/run_verify.py,11233,116e0c743ae75df304ce3785a964396ba1a967ca42b384e617463c18ad6dc155,work/rerun/proj/run_verify.py
06_VALIDATION/rerun_comparison/proj/src/cg_grid.py,5380,d8b34b32c656c09dedc23e22f5658c4b5881dc15cf404f617b7e532e6358d05e,work/rerun/proj/src/cg_grid.py
06_VALIDATION/rerun_comparison/proj/src/cg_model.py,5558,da178f1c0f9e974fc9702d0a0d42b08d8938aa7ad00fe8e7a4bdd6dfff99b991,work/rerun/proj/src/cg_model.py
06_VALIDATION/rerun_comparison/proj/src/cg_ops.py,11810,f8855a5b43b2e8506938011bf1f3321276cf4e691daed6786f3c852477d853f5,work/rerun/proj/src/cg_ops.py
06_VALIDATION/rerun_comparison/proj/src/cg_solver.py,7549,4715f3179f55f56d8fb9300e6a83b6caff370b0725c4ea5f52719fc151ea39e4,work/rerun/proj/src/cg_solver.py
06_VALIDATION/rerun_comparison/proj/src/cg_transient.py,1161,41cd9ed6d67f21c0bf789caf2c32636181c781d56afca128b4d6b6f728ee1555,work/rerun/proj/src/cg_transient.py
06_VALIDATION/rerun_comparison/rotate_Q_beta_fix.diff,599,0b8e18f409cc27c74b54c61f4374a1e24153271c52aab76b557046c5240ec144,work/rerun/rotate_Q_beta_fix.diff
06_VALIDATION/rerun_comparison/test_D.py,2778,ed32905c72ff0ee20e21f6d0695031d2de1dab4b993d14d78733cf8f90587b33,work/rerun/test_D.py
06_VALIDATION/rerun_comparison/test_D2.py,798,a47017a2c02ffb742ffaa7b25e0a775f125658601bfcd2c25f9eaa20393fec5b,work/rerun/test_D2.py
06_VALIDATION/rerun_comparison/test_T64.py,2179,ac20022d6e446a3d41530a5449bd86ba4a7e05e438f59c1d3b29ebfce74d132d,work/rerun/test_T64.py
06_VALIDATION/rerun_comparison/test_ellipse_fixed.py,1387,9eeeb4c4e94d84e3edcfa4e3b38834ac653f8b89566d37a6a2f2860526401b12,work/rerun/test_ellipse_fixed.py
06_VALIDATION/rerun_comparison/test_iso.py,2446,32b5bba71a65c506fe6c8155b1cee38ba0d519d7b4f31835d810f072abde0752,work/rerun/test_iso.py
06_VALIDATION/rerun_comparison/test_rot_fix.py,1844,7c441770683407c32883ea924ac0ae6b661b4b916ee3e1f5d0c8db44cbd0ed33,work/rerun/test_rot_fix.py
06_VALIDATION/rerun_comparison/test_static_grad.py,1556,1a332bf2cd2f82e84b62d574067582ddd7dd14fba912ec8329795cc47c504632,work/rerun/test_static_grad.py
06_VALIDATION/rerun_comparison/test_v3b.py,1687,2da48c70d45d97df77cd4ddbd6f39b57dd05bd0523c2fd98cf637653bcb4b7b3,work/rerun/test_v3b.py
06_VALIDATION/validation_results/VALIDATION_RESULTS.md,3923,45f9353dd14899de13e4e023064e0099e841d94f4062087ef38a79703c62eee5,PAPER_PROJECT/03_Validation/VALIDATION_RESULTS.md
06_VALIDATION/validation_results/make_validation_results.py,4984,644467870a42b567ba1d63fd03465f042b13c3cbb35aaa29f8eaab5fafa65505,PAPER_PROJECT/03_Validation/make_validation_results.py
07_DOCUMENTATION/CHANGELOG.md,5151,c536b805c4e0b7e7dad0a802c4f61922edcb1cf88dded5fcf4e8e4f978adf994,PAPER_PROJECT/16_Reproducibility/CHANGELOG.md
07_DOCUMENTATION/INTEGRITY_AUDIT.json,6576,b0c11c7ee6f7ad7a689ddbf4ea0cb61af5caa7505abbecb787880ad73f16021b,PAPER_PROJECT/16_Reproducibility/INTEGRITY_AUDIT.json
07_DOCUMENTATION/KNOWN_LIMITATIONS.md,3284,2d7a8379783a2fc32f092fe62cf08e66ee303d079604482e24c785038522cb1f,PAPER_PROJECT/16_Reproducibility/KNOWN_LIMITATIONS.md
07_DOCUMENTATION/PROJECT_OVERVIEW.md,2765,e53e2536a642358f815d1ad40c823ac83b79b99110dea1018ec3d9caac465643,PAPER_PROJECT/16_Reproducibility/PROJECT_OVERVIEW.md
07_DOCUMENTATION/SHA256SUMS.txt,132560,7fec1c0f720989ab1ee68ea4f53910d5d2acd4044201bd6bdf43171c62b230a7,PAPER_PROJECT/16_Reproducibility/SHA256SUMS.txt
07_DOCUMENTATION/archive_build.json,1215,790258690ba94b02c9c21f6a76a7ccc75fe85207ac795e214f398176d572e44d,PAPER_PROJECT/16_Reproducibility/archive_build.json
07_DOCUMENTATION/corrections_log/CORRECTIONS_LOG.md,3719,d02dd97eb940fac59fb7fa550c36eaa3b16387dd4a8ca5e835efcc18dbf7310b,PAPER_PROJECT/14_Documentation/CORRECTIONS_LOG.md
07_DOCUMENTATION/corrections_log/make_corrections_log.py,5939,5efcf804ed0afa09b4987e7f8cecc9d59eab9fe9a14f0839ae4822ed610d3959,PAPER_PROJECT/14_Documentation/make_corrections_log.py
07_DOCUMENTATION/file_manifest_sha256.csv,201062,f18996bdf1a3adff603c5275459f3aaded9617c4a5f44503ca6a650e8b684e9c,PAPER_PROJECT/16_Reproducibility/file_manifest_sha256.csv
07_DOCUMENTATION/phases/AUTHOR_FILLIN.md,1993,6ba8ca46c2bf3e59bb49f9c2d627330a08c4e9f03f5fe4208894445768cac046,Phase_06_Restructuring/AUTHOR_FILLIN.md
07_DOCUMENTATION/phases/FINAL_AUDIT.md,6074,54418be83e82e9c5dd5fb3f7c39ecda3a3c1a9e716905aeb7db4254a59676e38,Phase_08_Final_Audit/FINAL_AUDIT.md
07_DOCUMENTATION/phases/FINDINGS.json,17649,c8a817d5f7e81b36ef189799f180b20538acb9dc7cba656a528c4cd43b54a16f,Phase_01_Audit/FINDINGS.json
07_DOCUMENTATION/phases/FINDINGS_LEDGER.json,20733,07a00cbeac5757a1de2c8bf11e63c380d99905cc18ab458be1ceb5c162cc55a3,Phase_02_Verification/FINDINGS_LEDGER.json
07_DOCUMENTATION/phases/FINDINGS_LEDGER.json.duplicate-of-Phase_03_Mathematical_Audit,10942,7c662bec7dcd0ad74cb49a17f489f2eb19a24df0c9534cb326f5fe7ffed72e5c,Phase_03_Mathematical_Audit/FINDINGS_LEDGER.json
07_DOCUMENTATION/phases/FINDINGS_LEDGER.json.duplicate-of-Phase_04_Figures_Tables,16948,a9ee32344a31faed4fe1b09b105d78356fa3f06fd780f380a77d6b188be00c66,Phase_04_Figures_Tables/FINDINGS_LEDGER.json
07_DOCUMENTATION/phases/FINDINGS_LEDGER.json.duplicate-of-Phase_05_Literature,6374,10aa2b4d07f12db9c88e7b8174b2649fab22ff933934007a5152a5245d6350df,Phase_05_Literature/FINDINGS_LEDGER.json
07_DOCUMENTATION/phases/IJHMT_submission_bundle.zip,2622948,e0254e0ce2117af96bb96807570aefd49b7eaa86683c9dd45bf71b3abebc4bfb,Phase_10_Submission_Package/IJHMT_submission_bundle.zip
07_DOCUMENTATION/phases/REPORT.md,37674,17cad0e9bfdbddf979a14e8757eaef44de825a8a6bb0c68edc22e44de814afff,Phase_01_Audit/REPORT.md
07_DOCUMENTATION/phases/REPORT.md.duplicate-of-Phase_02_Verification,10740,4baac2f20227bea63ee5990775a1bd240e94fccc0c7ff27af6a9334bc0f9d6c3,Phase_02_Verification/REPORT.md
07_DOCUMENTATION/phases/REPORT.md.duplicate-of-Phase_03_Mathematical_Audit,15387,ae2ca5b65ed2bc9a157a90f02fdcb94c7ad37b6e6d4ce8bf38c5b70423070d9b,Phase_03_Mathematical_Audit/REPORT.md
07_DOCUMENTATION/phases/REPORT.md.duplicate-of-Phase_04_Figures_Tables,7468,b271b10596608f22bd78dad120d1501165337a40bc573e6cc09acbe4f6b356f7,Phase_04_Figures_Tables/REPORT.md
07_DOCUMENTATION/phases/REPORT.md.duplicate-of-Phase_05_Literature,6899,03c655394c23ca08298953dcafec3b89f4041e6e1dc4ffce26bacfe2474b2058,Phase_05_Literature/REPORT.md
07_DOCUMENTATION/phases/REPORT.md.duplicate-of-Phase_06_Restructuring,4690,7e30855d6bf6ea170631e842ea4f264005f05d3eb8cd0cc45b4866397514e284,Phase_06_Restructuring/REPORT.md
07_DOCUMENTATION/phases/REPORT.md.duplicate-of-Phase_07_Language,4624,8c647f2340b77dfd5ac8fc72500a1feb79f486ae6b483ccade2fb7806cfda029,Phase_07_Language/REPORT.md
07_DOCUMENTATION/phases/REPORT.md.duplicate-of-Phase_09_Closeout,3998,6312a35c017de9e9b1358921f35e47a6119e17abe1e790f4fcfe9eed6f5c10eb,Phase_09_Closeout/REPORT.md
07_DOCUMENTATION/phases/REPRODUCIBILITY_REPORT.md,4307,0fb556963e8d00712c2cb8ee05b40b8338e34d32e13dea0d6879d57c45599696,Phase_02_Verification/REPRODUCIBILITY_REPORT.md
07_DOCUMENTATION/phases/SEARCH_NOTES.md,5696,caed0f5440abec3975752b7951182408eb9dbb0d80978ac4c9c133af7061f4cc,Phase_05_Literature/SEARCH_NOTES.md
07_DOCUMENTATION/phases/VERIFICATION_REPORT.md,4854,869810cd567a4a7321cbed548a4362aeee37e8c95bdd76218df4b88ea28b2405,Phase_02_Verification/VERIFICATION_REPORT.md
07_DOCUMENTATION/phases/bromwich_window_audit.py,3985,d16f519863b6cd3f5599c85137a34766f9b97de83dfd719b9f42a9f8e3f033b7,Phase_02_Verification/bromwich_window_audit.py
07_DOCUMENTATION/phases/diff_analysis.py,3975,d851e5e21f6f5ce303877a9b534419fd14835184d0a932417ea5bfcd102d1cc2,Phase_02_Verification/diff_analysis.py
07_DOCUMENTATION/phases/figure_rerun.log,510,43612ed1aa82e12c339a2481723ffcab640ae8c222606f18c3c334db7f368c07,Phase_04_Figures_Tables/figure_rerun.log
07_DOCUMENTATION/phases/finalize.sh,4145,dd30249e2cafb72302f3070fca9a9c21972741d42c24aba199f5b62f7374f6b1,Phase_02_Verification/finalize.sh
07_DOCUMENTATION/phases/finalize2.sh,2758,42cd5391414d4fa07f80fe1d6a9b325ff9537a3a6effb68bb8c408c1e82e2d83,Phase_02_Verification/finalize2.sh
07_DOCUMENTATION/phases/historical/TEST_REPORT_2026-10-01_baseline.md,9559,6220433be0f6b73a90d0aa9ebb80ee11583e2fd3ff15746b5d4403bfb497c8a5,Phase_02_Verification/historical/TEST_REPORT_2026-10-01_baseline.md
07_DOCUMENTATION/phases/historical/TEST_RESULTS_2026-10-01_baseline.json,9351,acc33d6ca1cb88dae5c50c240f9383391f0d839ee5a88879ea411b29863ccf1e,Phase_02_Verification/historical/TEST_RESULTS_2026-10-01_baseline.json
07_DOCUMENTATION/phases/manifest.txt,1975,4b12906b66af8b9fba14e3ceb98de1fee7fe3b2faf010097e4bfb082786f4ffc,Phase_01_Audit/manifest.txt
07_DOCUMENTATION/phases/manifest.txt.duplicate-of-Phase_02_Verification,4870,987f631527fa4601cc19bb2ac055463de511afb1b6375171e58843e8ee92abf6,Phase_02_Verification/manifest.txt
07_DOCUMENTATION/phases/manifest.txt.duplicate-of-Phase_03_Mathematical_Audit,3224,09a9e5c2d575bcf470addb91254f040af4e5c49fbbd15d98b03e24f4530042ba,Phase_03_Mathematical_Audit/manifest.txt
07_DOCUMENTATION/phases/manifest.txt.duplicate-of-Phase_04_Figures_Tables,2126,b6d67df2739b8e9a6b5a4e1d6fbe4ff79e158cb36ed152bdff3036de8872e642,Phase_04_Figures_Tables/manifest.txt
07_DOCUMENTATION/phases/manifest.txt.duplicate-of-Phase_05_Literature,2164,f0c818d6ebe25c9a088acbad5fcf84f61bce684a7c4d69462f2f41b0dd53fad9,Phase_05_Literature/manifest.txt
07_DOCUMENTATION/phases/manifest.txt.duplicate-of-Phase_06_Restructuring,163,f8925cb8023413bd4d24e4de2512bbab40ebed727965dc175fd476865d774f71,Phase_06_Restructuring/manifest.txt
07_DOCUMENTATION/phases/manifest.txt.duplicate-of-Phase_07_Language,117,b422fc382bcf3284473f1f514d8668f86fd6e38b15ef36def3afcec84a7246e8,Phase_07_Language/manifest.txt
07_DOCUMENTATION/phases/manifest.txt.duplicate-of-Phase_08_Final_Audit,122,dfa1e7e0a9f5b90009b6419976e806d3210cbe0d35ca47d6d2674b6af603fe16,Phase_08_Final_Audit/manifest.txt
07_DOCUMENTATION/phases/manifest.txt.duplicate-of-Phase_09_Closeout,65,1e3b5c609b3ddfd38a4e3e8f72c928d72c5967a54ee969c9718fefc1936f6514,Phase_09_Closeout/manifest.txt
07_DOCUMENTATION/phases/patch_abstract_trim.py,1610,b1021025f0c777cd5cec7d8cd885eb003fa6af898c013702fbd85443dd4185e8,Phase_02_Verification/patch_abstract_trim.py
07_DOCUMENTATION/phases/patch_builders2.py,4385,d9d0f6e6884e7c17edde27080469ef93d05468b69b8915dbb9b30fb34ca97a9b,Phase_02_Verification/patch_builders2.py
07_DOCUMENTATION/phases/patch_freeze_refs.py,6461,e4a94d219222b6c489b6a1252f2a59b027372671c33956fdaef0d0ca9c5259cc,Phase_02_Verification/patch_freeze_refs.py
07_DOCUMENTATION/phases/patch_ms_results.py,10900,cf8de654d48c936bb6eb20b4b0b6f629f825b1b2aee0abb4faf630e9f7a18bfe,Phase_02_Verification/patch_ms_results.py
07_DOCUMENTATION/phases/snapshot/FINAL_REVISED_CALCULATIONS.tex,48537,3bd95cbea0ee946bb584a18c8e6a04bcd170a586e48af0836c4d0b3daf53e08f,Phase_01_Audit/snapshot/FINAL_REVISED_CALCULATIONS.tex
07_DOCUMENTATION/phases/snapshot/FINAL_REVISED_MANUSCRIPT.tex,102293,5ac41d50e03bbc3a491e33f29c8ec7b9f377020ff0bcc37f92d7dd8d71e8e35e,Phase_01_Audit/snapshot/FINAL_REVISED_MANUSCRIPT.tex
07_DOCUMENTATION/phases/snapshot/MANUSCRIPT_STATS.json,355,9038a8296cda9431206737d408ae962d01d6230f19498d4ce185e8d04f7dc7f1,Phase_01_Audit/snapshot/MANUSCRIPT_STATS.json
07_DOCUMENTATION/phases/snapshot/TEST_RESULTS.json,9351,acc33d6ca1cb88dae5c50c240f9383391f0d839ee5a88879ea411b29863ccf1e,Phase_01_Audit/snapshot/TEST_RESULTS.json
07_DOCUMENTATION/phases/snapshot/calculations_IJHMT.md,40926,4f2dffa3b53826bc938955b80d8e7910ed7ec189ba495da0df9c9dce048c93d0,Phase_01_Audit/snapshot/calculations_IJHMT.md
07_DOCUMENTATION/phases/snapshot/manuscript_IJHMT.md,99288,9bd135c9f6abebb704f8b99b084b715dcf5b36f6e51cd8303e5ebbe2600ef8bb,Phase_01_Audit/snapshot/manuscript_IJHMT.md
07_DOCUMENTATION/phases/snapshot/manuscript_IJHMT.pdf,2347478,9cacc917ec4d935664fe5d642495a6ec5def9eb00281f57aae37b5b67f745412,Phase_01_Audit/snapshot/manuscript_IJHMT.pdf
07_DOCUMENTATION/phases/suite_rerun_20261003c.log,8149,4b001a30a64fdb5c902aee66a9623c00624c9134a5144d8c9f122488f8de0374,Phase_04_Figures_Tables/suite_rerun_20261003c.log
07_DOCUMENTATION/phases/verification/ANALYSIS_DIFF.md,555,be5fa4153b70c348bd5d2122d835fdbb40eef18a2e076bb56ae2f8d9d944b3d9,Phase_02_Verification/verification/ANALYSIS_DIFF.md
07_DOCUMENTATION/phases/verification/ANALYSIS_V2_before_phase2.json,29284,184d4e0fe7fb9f77bcef86f04a1aa6937fc4ec7b170b8bebf41ce4acbee8d01a,Phase_02_Verification/verification/ANALYSIS_V2_before_phase2.json
07_DOCUMENTATION/phases/verification/AUDIT_phase3.json,10872,92b6407ca8e32c72a5c819e700faaea72af8e922e7179e73d9878d26eb8dfeb8,Phase_03_Mathematical_Audit/verification/AUDIT_phase3.json
07_DOCUMENTATION/phases/verification/BROMWICH_WINDOW.csv,10210,2ade3e01151a29e47698c19ca41151f8b26fbe64f482f1be5b42aa04d483bbb1,Phase_02_Verification/verification/BROMWICH_WINDOW.csv
07_DOCUMENTATION/phases/verification/BROMWICH_WINDOW.json,937,d207d91730fcf271a8b68c1314e3f7f3bb44812915be5a356c3fa782700ee511,Phase_02_Verification/verification/BROMWICH_WINDOW.json
07_DOCUMENTATION/phases/verification/FIDELITY_check.json,698,b77c2b1c826d96cea1f9fc97f81a029db52c946e9cae9397a0c2fdc6664a7a16,Phase_02_Verification/verification/FIDELITY_check.json
07_DOCUMENTATION/phases/verification/analyze_v2.log,8014,357c392ef17662334806f9ddefe67bc1b81db647a141750f503de30ebbb117fd,Phase_02_Verification/verification/analyze_v2.log
07_DOCUMENTATION/phases/verification/audit_calc.log,2556,20c0ca05a9a65d67a95b19e322a3a1bef450183c055c4f70c4df6a4e491520bf,Phase_02_Verification/verification/audit_calc.log
07_DOCUMENTATION/phases/verification/audit_ms.log,3365,abe26508fca348a587c1fc535558cda5d81f563abf553ad67eb8977aed36f416,Phase_02_Verification/verification/audit_ms.log
07_DOCUMENTATION/phases/verification/audit_phase3.log,8275,8d44467ab4ee3f68b766c47138d1ff15cf13230840bb8a05983917dadd9b4e14,Phase_03_Mathematical_Audit/verification/audit_phase3.log
07_DOCUMENTATION/phases/verification/audit_phase3.py,19550,dfe57f6ef9041e12f4eb942c22b9496e29617657b07140558abcff647d2cac67,Phase_03_Mathematical_Audit/verification/audit_phase3.py
07_DOCUMENTATION/phases/verification/audit_phase4.py,9952,9891f6d3252d7ff06fbac7df4013591989e279d926db2105730394eb821c4ff3,Phase_04_Figures_Tables/verification/audit_phase4.py
07_DOCUMENTATION/phases/verification/build_calculations.log,137,013c74a4da2371904c10f5ced828048a97c792bf2d3561e91eb417dc4b917cd4,Phase_02_Verification/verification/build_calculations.log
07_DOCUMENTATION/phases/verification/build_manuscript.log,221,031bd0c92215ed0a8d25c252b42642d9937e5609524c758f08814d6b83fa39c6,Phase_02_Verification/verification/build_manuscript.log
07_DOCUMENTATION/phases/verification/check_commands.log,220,113d062a20ed81d46df3fcdc244c907099161114f65340abc21d89f07f2594ea,Phase_02_Verification/verification/check_commands.log
07_DOCUMENTATION/phases/verification/check_crossrefs.log,322,df0aa7320bfe16e33bff26d8cea1f805120d3c4696a93a17124ba1a636247297,Phase_02_Verification/verification/check_crossrefs.log
07_DOCUMENTATION/phases/verification/claims_matrix.json,909,5985c091a83031e87d0332212524bd11b0af1071e4989d340caeb98d67ad6164,Phase_05_Literature/verification/claims_matrix.json
07_DOCUMENTATION/phases/verification/conversion_tests.log,1965,22f343e400285f8fd5a77b48c01d12d09dde97b2f7a47777472ffb9b932ce20e,Phase_02_Verification/verification/conversion_tests.log
07_DOCUMENTATION/phases/verification/export_submission_figures.py,7690,66aa6e570c45a4cef6bd0c0d9e294e99b777e19bc6605afff7289039b7090bb1,Phase_09_Closeout/verification/export_submission_figures.py
07_DOCUMENTATION/phases/verification/figure_render_diff.json,1089,a40745a9bb0cc9d5d93d938ce957c275494055f753cf4b1d82e9a1ea69d10f8f,Phase_04_Figures_Tables/verification/figure_render_diff.json
07_DOCUMENTATION/phases/verification/final_consistency.json,520,e6fc590f5ad11b617e0d86e2753e272a4268219aa5d770ebc351c527f9409589,Phase_08_Final_Audit/verification/final_consistency.json
07_DOCUMENTATION/phases/verification/final_consistency.py,17476,5c4d7d6a9cd093f80caf93ac664eed23eeb6b7081ccc34ea0e98550edab632a1,Phase_08_Final_Audit/verification/final_consistency.py
07_DOCUMENTATION/phases/verification/fix_audit_b2_b6.py,2692,2648293b8fe9d5ea1d4a470333ed89955af21edd3b74f447ca2562039130cb05,Phase_03_Mathematical_Audit/verification/fix_audit_b2_b6.py
07_DOCUMENTATION/phases/verification/fix_audit_phase3.py,5222,685bb9d27d0c297a29c2155ceb1ca7eec030de791b4014c02815bc871264fc09,Phase_03_Mathematical_Audit/verification/fix_audit_phase3.py
07_DOCUMENTATION/phases/verification/freeze_regen.log,98,42fb8087769edba24500aa245bce840beadd9c7378e5402a7dd062b64ad15eb5,Phase_02_Verification/verification/freeze_regen.log
07_DOCUMENTATION/phases/verification/lang_audit.json,16484,c69031631fd6ffe6ba4013a62c4d88c14eee88ccacec5a05fba91fced74906cf,Phase_07_Language/verification/lang_audit.json
07_DOCUMENTATION/phases/verification/lang_audit.py,8088,07bc9076238814975b14088e0e4dc362779944a0a1e45eddfc2faa973d00387c,Phase_07_Language/verification/lang_audit.py
07_DOCUMENTATION/phases/verification/lit_B_claims_matrix.py,4410,b7bfdef2b471241d10472b9d51103d03bc0f8556c2834d999baad18d3252fc4b,Phase_05_Literature/verification/lit_B_claims_matrix.py
07_DOCUMENTATION/phases/verification/make_code_freeze.log,98,42fb8087769edba24500aa245bce840beadd9c7378e5402a7dd062b64ad15eb5,Phase_02_Verification/verification/make_code_freeze.log
07_DOCUMENTATION/phases/verification/make_provenance.log,96,6894e670f462bf37be5ab8d6636b091de39bbaf745a9f9567ad7a072c826268f,Phase_02_Verification/verification/make_provenance.log
07_DOCUMENTATION/phases/verification/make_test_report.log,39,48e0189b82bdd682e47ce0e126336be2467f970ee9afe64ac51987433909e18d,Phase_02_Verification/verification/make_test_report.log
07_DOCUMENTATION/phases/verification/md_to_tex.log,127,6f7243de2482699dd1a02cb6fd173fe649110bc8351ac2532b3e5b641bb428e7,Phase_02_Verification/verification/md_to_tex.log
07_DOCUMENTATION/phases/verification/md_to_tex_calc.log,113,900609e8cb43c482590f229eb2949ddefd5b236b2b8f94082ef469c430a60049,Phase_02_Verification/verification/md_to_tex_calc.log
07_DOCUMENTATION/phases/verification/patch_phase3_batch1.py,14605,be846859c31d0c5c7b55a906dbcd0ae3e664acacf5edf5ff21479e6391cd4e73,Phase_03_Mathematical_Audit/verification/patch_phase3_batch1.py
07_DOCUMENTATION/phases/verification/patch_phase3_batch2.py,18166,dc58938655b063340e89b8adb0d47e2694633cd81d92f30cee56068aca1739d4,Phase_03_Mathematical_Audit/verification/patch_phase3_batch2.py
07_DOCUMENTATION/phases/verification/patch_phase5.py,4927,ab65c4cd11077896010522adab8d2ef3e964b3eea440b55fb3678a9c41d021f0,Phase_05_Literature/verification/patch_phase5.py
07_DOCUMENTATION/phases/verification/patch_phase6_ai_declaration.py,4651,c298480c9ae20c6df59e7d46f00739900a9b30ed9df51583240ee1ab804545a9,Phase_06_Restructuring/verification/patch_phase6_ai_declaration.py
07_DOCUMENTATION/phases/verification/patch_phase6_backmatter.py,5738,09504c280a32b0c9d55edecacb198112d5cc52487a603ff1146e8a7c2238b68e,Phase_06_Restructuring/verification/patch_phase6_backmatter.py
07_DOCUMENTATION/phases/verification/patch_phase6_numbering.py,9276,570f767e7168808167fce0e2b1d12d4b91153c3b6272c6ee95b69108b67b7ddf,Phase_06_Restructuring/verification/patch_phase6_numbering.py
07_DOCUMENTATION/phases/verification/patch_phase7_language.py,5909,efef67c0ee9d917f3c4fbe437e9f47ce977512330dcf9b443166088b83af9d0e,Phase_07_Language/verification/patch_phase7_language.py
07_DOCUMENTATION/phases/verification/pdf_calc.log,70,deba1c4858a62a5de51dce45037c4df93f8c0f1281a14a4faaf810fb9c80e5c5,Phase_02_Verification/verification/pdf_calc.log
07_DOCUMENTATION/phases/verification/pdf_companion.txt,166,180e98c5521c403a760736efa343cedf8d6499bab9b83606a324e8361256cb19,Phase_01_Audit/verification/pdf_companion.txt
07_DOCUMENTATION/phases/verification/pdf_manuscript.txt,166,180e98c5521c403a760736efa343cedf8d6499bab9b83606a324e8361256cb19,Phase_01_Audit/verification/pdf_manuscript.txt
07_DOCUMENTATION/phases/verification/pdf_ms.log,83,d20b460657ae9078ce946a12da29688ba547affe7c11cd51ab933484fa17e778,Phase_02_Verification/verification/pdf_ms.log
07_DOCUMENTATION/phases/verification/phase4_tables.json,2436,3d11b83978d4d47406724a553f4a2b306548c273db279bd8e96443f1dc8f5f26,Phase_04_Figures_Tables/verification/phase4_tables.json
07_DOCUMENTATION/phases/verification/production_EM_M.log,3633,2b9bde6a58579a4a4589071164eddf31b7ce3a87904e714e5358dd0189fd6c42,Phase_02_Verification/verification/production_EM_M.log
07_DOCUMENTATION/phases/verification/record_phase3_state.py,6062,07f5255abed39ea2bd7b213745cc6b76757502cbd6d46a8513c46a791ed03925,Phase_03_Mathematical_Audit/verification/record_phase3_state.py
07_DOCUMENTATION/phases/verification/refs_to_bib.log,105,dfa7de45e2f9fa7726f3e11c4ae77578f7375b34ed12710ff6ae49f1ae834e33,Phase_02_Verification/verification/refs_to_bib.log
07_DOCUMENTATION/phases/verification/renumber.log,958,20b17a37ffb151620caea325b254cb3c33bb7ab77d9878146b67bd1256a007b0,Phase_02_Verification/verification/renumber.log
07_DOCUMENTATION/phases/verification/static_gates.txt,1095,e493fc8898151eb02b5247deafe6084d3a994ddf902282807b34f3f24b03cb7a,Phase_01_Audit/verification/static_gates.txt
07_DOCUMENTATION/phases/verification/suite_rerun_20261003.log,4897,1f8c2d9392952d884fc627961377833f0d27cade26c8e57b6557e9b616202b06,Phase_03_Mathematical_Audit/verification/suite_rerun_20261003.log
07_DOCUMENTATION/phases/verification/suite_rerun_20261003b.log,6708,15694a4b14217ec49fe39db517ecc7aa712cb4c82f7c6acfa7b28bea4bda3e3a,Phase_03_Mathematical_Audit/verification/suite_rerun_20261003b.log
07_DOCUMENTATION/phases/verification/tests_run.log,8148,5dec73f8365aeebfcc40c158888a826741867b57c871e2b9825adcd29b10131f,Phase_02_Verification/verification/tests_run.log
07_DOCUMENTATION/phases/verification/verify_calc.log,564,139c7d409a972d7836ff2f123612829df089644ff105fb7f5c8a3af7195cfaa4,Phase_02_Verification/verification/verify_calc.log
07_DOCUMENTATION/phases/verification/verify_ms.log,812,7ae426503ad6712a7b238cde5868c5bad72d6327ccefcf8cfd2b54f83f699124,Phase_02_Verification/verification/verify_ms.log
07_DOCUMENTATION/program_control/CENTRAL_STORY.md,4220,c96fcbbf4dad2456c90666fe075cc53504f8d63b4eb7d2ce6934fe7b59d58ff0,PAPER_PROJECT/00_Project_Control/CENTRAL_STORY.md
07_DOCUMENTATION/program_control/COMPUTE_STATUS.md,763,ae199519c34eafd68c863e0507e4fd82c335d1e2c35aa2ba2b015eb6bba77f86,PAPER_PROJECT/00_Project_Control/COMPUTE_STATUS.md
07_DOCUMENTATION/program_control/DECISION_LOG.md,13290,6f9ed914c9d8edc92153863264e0cf3987cb9da2951e917dc339566760093bd0,PAPER_PROJECT/00_Project_Control/DECISION_LOG.md
07_DOCUMENTATION/program_control/EVIDENCE_LOG.md,2695,952dafcb47924d8e5359791d99aeb6eafc2aed1c4c0bdded22c485a4e3357c28,PAPER_PROJECT/00_Project_Control/EVIDENCE_LOG.md
07_DOCUMENTATION/program_control/INPUT_INVENTORY.md,9505,9c53afd3416afdc5cf78674dd704bb2a5c07c640392c9c4068d7a664a78ab114,PAPER_PROJECT/00_Project_Control/INPUT_INVENTORY.md
07_DOCUMENTATION/program_control/MASTER_PROMPT.md,51462,c18fd5258ebb3df27943aefab1ee5eca419389249ef0108f38e19d4ff942dac0,PAPER_PROJECT/00_Project_Control/MASTER_PROMPT.md
07_DOCUMENTATION/program_control/MASTER_PROMPT_DATE,383,54dfa03431e542e09120e87862af9ae587443b7aedb92c96250ace9e56562f3e,PAPER_PROJECT/00_Project_Control/MASTER_PROMPT_DATE
07_DOCUMENTATION/program_control/MASTER_PROMPT_VERSION,5,ee50b98bb28008fd58feca48930310f26f7b32b070d916597dbaac0c2208095f,PAPER_PROJECT/00_Project_Control/MASTER_PROMPT_VERSION
07_DOCUMENTATION/program_control/PROJECT_CONSTRAINTS.md,6718,fb02bef93335a0a9a7cba6480b9a890571ced96ff9b5ee1fe17444bdb56922a8,PAPER_PROJECT/00_Project_Control/PROJECT_CONSTRAINTS.md
07_DOCUMENTATION/program_control/PROJECT_STATE_FINAL.md,6752,1075556816e406512b6056ce6c97a01cb258ea468e4f9ef4af5533b25f400b2e,PAPER_PROJECT/00_Project_Control/PROJECT_STATE_FINAL.md
07_DOCUMENTATION/program_control/PROJECT_STATE_PHASE_00.md,14080,9a5b93f9ae7c365b83ba961785612a0af6ef5fda65eb120fd4ca6d0dfcad8e33,PAPER_PROJECT/00_Project_Control/PROJECT_STATE_PHASE_00.md
07_DOCUMENTATION/program_control/PROJECT_STATE_PHASE_07.md,2530,24de2afbdf1fbc09590ac7aa495e77b30ed09f7c4406aac30ae1ac34c0d93357,PAPER_PROJECT/00_Project_Control/PROJECT_STATE_PHASE_07.md
07_DOCUMENTATION/program_control/PROJECT_STATE_PHASE_08.md,2435,2053781c6f81e4789ea12d74c945f7b8f0eeb47ad94e373bda21f49ab5f002e0,PAPER_PROJECT/00_Project_Control/PROJECT_STATE_PHASE_08.md
07_DOCUMENTATION/program_control/PROJECT_STATE_PHASE_09.md,2476,ee1f9f837bc6f5c067b3c1a5e642ed5a9338640004db63932b065445214f3564,PAPER_PROJECT/00_Project_Control/PROJECT_STATE_PHASE_09.md
07_DOCUMENTATION/program_control/PROJECT_STATE_PHASE_10.md,2119,688aeea281cf76cd90de05155c41ffbf6c5f1c67a55c25528c4b6f7e781c6e7c,PAPER_PROJECT/00_Project_Control/PROJECT_STATE_PHASE_10.md
07_DOCUMENTATION/program_control/PROJECT_STATE_PHASE_11.md,1878,ae22841024845047f805fb0c3925fa0ba03fdc0a4657eab209e9bd763cf4c376,PAPER_PROJECT/00_Project_Control/PROJECT_STATE_PHASE_11.md
07_DOCUMENTATION/program_control/PROJECT_STATE_PHASE_12.md,1958,f981bc6b1212bf16481d02d366f153c89f9a6bbbcae1e508f874b593e7c1e3e8,PAPER_PROJECT/00_Project_Control/PROJECT_STATE_PHASE_12.md
07_DOCUMENTATION/program_control/PROJECT_STATE_PHASE_13.md,1987,971d68ae343fa11e33b00c7bfdb2ca6bb8a3ef136e029e249409f11824b7157e,PAPER_PROJECT/00_Project_Control/PROJECT_STATE_PHASE_13.md
07_DOCUMENTATION/program_control/REJECTED_IDEAS.md,3255,dd3781d47f77e6a851d9ea16ee22dbacbf8592f4ea5fa7402fbc291d55925ff3,PAPER_PROJECT/00_Project_Control/REJECTED_IDEAS.md
07_DOCUMENTATION/program_control/REPRODUCIBILITY_STATUS.md,1341,8390d28ba95e5c706b9d48926fd7af67041f31118bf82ec363e2e8dc5338a398,PAPER_PROJECT/00_Project_Control/REPRODUCIBILITY_STATUS.md
07_DOCUMENTATION/program_control/TOOL_AVAILABILITY.md,3763,fc94878b22778b826ebe1821af2c4fbddc9c90420d51ce74318df36be208b641,PAPER_PROJECT/00_Project_Control/TOOL_AVAILABILITY.md
07_DOCUMENTATION/program_control/VALIDATION_STATUS.md,805,4d1c1b6ba586873da04c1c369b0592866000e1d90eef311bf60271a83f5cb20c,PAPER_PROJECT/00_Project_Control/VALIDATION_STATUS.md
07_DOCUMENTATION/program_control/run_reproduction_check.py,9109,0ea47a4dad5bb8084c3a3f7a6dddd017f6c7e0282778ce889bbcb26fcb22ef1d,PAPER_PROJECT/00_Project_Control/run_reproduction_check.py
07_DOCUMENTATION/repository/.gitignore,1365,5b534230683a8704c5f02bae903169dbca96c289c2d405e2d48262e589ff39ea,.gitignore
07_DOCUMENTATION/repository/PROJECT_PROGRESS.md,12920,7ecdba218d24706518574f54191275399175f557a3ac5a5333be5c49c86173c8,PROJECT_PROGRESS.md
07_DOCUMENTATION/repository/README.md,5,21de2000843098cc57a545bf0d2ab56ca8a213c97ba0246b52ab8ddbe5a447d8,README.md
07_DOCUMENTATION/repository/RERUN_COMPARISON.md,3328,9512ccf284915d05d609262d3d938db1703523f633787690d900eb3a30c770de,RERUN_COMPARISON.md
07_DOCUMENTATION/repository/SUBMISSION_PROGRAM_STATE.md,7437,a9915b17ea670e3eaf38734c7cf5347f5cd6a853c2c1e8da071419b5509d3385,SUBMISSION_PROGRAM_STATE.md
07_DOCUMENTATION/submission_program/DEPOSIT_PACKAGE_SHA256.txt,3934,27bdb0920b79d612eaf36593b59d6c5ec251096cc39ba2ebaeba4d8a871514b8,Phase_10_Submission_Package/DEPOSIT_PACKAGE_SHA256.txt
07_DOCUMENTATION/submission_program/REPORT.md,6429,473fecc644327b26bd34e8d4acc523d30d8f31a07e47388a70228b842276c15f,Phase_10_Submission_Package/REPORT.md
07_DOCUMENTATION/submission_program/make_cover_letter_package.py,4839,a8b6180fbc54bfc21904680b0721819e6d2d1ae5bdcc704468ccc23cdafedf6d,Phase_10_Submission_Package/verification/make_cover_letter_package.py
07_DOCUMENTATION/submission_program/make_tex_figure_set.py,3971,436149d58fc04b732927c3f599ac9f76c8b6901da76daa17ef75ea727988cc0e,Phase_10_Submission_Package/verification/make_tex_figure_set.py
07_DOCUMENTATION/submission_program/make_upload_bundle.py,11138,f5ec874936d985f25a65994b130057327e2028ef84f641e7ff117db634471d6b,Phase_10_Submission_Package/verification/make_upload_bundle.py
07_DOCUMENTATION/submission_program/manifest.txt,229,94aab6560d27df686d76f9a79c6bb4c32e7991a2bb05df4911087593c4cb9433,Phase_10_Submission_Package/manifest.txt
08_FINAL_OUTPUTS/FIGURE_PROVENANCE.md,4451,9012bad36d94460c065d2fa2441d4670c0863b5d77ee929fdb51fa1f175d464e,PAPER_PROJECT/16_Reproducibility/FIGURE_PROVENANCE.md
08_FINAL_OUTPUTS/figures/fig1_setup.png,105633,c485b987744740a64349031c5aa08f9e86aa5ac5b60fd729f94b9fbf48feecdf,PAPER_PROJECT/11_Figures/fig1_setup.png
08_FINAL_OUTPUTS/figures/fig2_phi_sweep.png,170505,6d642cad0a71fd0f931c66c4fbd838e001849f608ace805d940a5c220fdf6a27,PAPER_PROJECT/11_Figures/fig2_phi_sweep.png
08_FINAL_OUTPUTS/figures/fig3_wall_profiles.png,195321,4d3067555dc4549793697741f01dea0a955940a383e0331ffdea8136ae365b0e,PAPER_PROJECT/11_Figures/fig3_wall_profiles.png
08_FINAL_OUTPUTS/figures/fig4_verification.png,191369,383fc8f168e058f3fc89ee9255088448d93148ef24575ab50ffcbf6b5867988d,PAPER_PROJECT/11_Figures/fig4_verification.png
08_FINAL_OUTPUTS/figures/fig5_memory.png,144769,c1905d40c9abb33c6e513e1d654a7c7b1daf13dd65f43297e348c96d41351e29,PAPER_PROJECT/11_Figures/fig5_memory.png
08_FINAL_OUTPUTS/figures/fig6a_mesh.png,54851,c6d3b67eaf91666aefe3fef1a956013bac7f2163cfd441d3c8f88cb662619c38,PAPER_PROJECT/11_Figures/fig6a_mesh.png
08_FINAL_OUTPUTS/figures/fig6b_ablation.png,55956,3e88449b5463374fe9b6b0424df01e5b608b03fc8eb86c64fb2d2c4ceb1ae793,PAPER_PROJECT/11_Figures/fig6b_ablation.png
08_FINAL_OUTPUTS/figures/fig7_pulse_width.png,96290,fd98891335469bdc7cccc6f916c64d0855bf75fa7ce2814ca2307802064dc2b3,PAPER_PROJECT/11_Figures/fig7_pulse_width.png
08_FINAL_OUTPUTS/figures/submission/README.txt,510,e8d680197ea48a64aed013d92588519dc8209d896da0328b8129fcea6fed8fde,PAPER_PROJECT/11_Figures/submission/README.txt
08_FINAL_OUTPUTS/figures/submission/fig1_setup.pdf,24564,141d78578beb3ed48bb19e9396efc401cd31c626b9a733b2c878adcb3456bf22,PAPER_PROJECT/11_Figures/submission/fig1_setup.pdf
08_FINAL_OUTPUTS/figures/submission/fig2_phi_sweep.pdf,26799,7f77e9040109cb87be5936b1489ac98606a39a4e14ab8abd5f037994a3ffba59,PAPER_PROJECT/11_Figures/submission/fig2_phi_sweep.pdf
08_FINAL_OUTPUTS/figures/submission/fig3_wall_profiles.pdf,31288,40a1f0b233503e3289f8d1ba1564e5342625b4d5980a2701e155092e71915ab6,PAPER_PROJECT/11_Figures/submission/fig3_wall_profiles.pdf
08_FINAL_OUTPUTS/figures/submission/fig4_verification.pdf,31391,c62c88901da32d1748f7a839657e72a52c7624889bf60d4374160197357486d2,PAPER_PROJECT/11_Figures/submission/fig4_verification.pdf
08_FINAL_OUTPUTS/figures/submission/fig5_memory.pdf,31716,f8ade3e3bc1baafbca78f2e2cd594bd63e9b6ea575e80fe5647eb71be44c4587,PAPER_PROJECT/11_Figures/submission/fig5_memory.pdf
08_FINAL_OUTPUTS/figures/submission/fig6a_mesh.pdf,20008,268e7921c2a21cf255219226ff26973e46da5b9685bc5f5a021fb09f0fbcd780,PAPER_PROJECT/11_Figures/submission/fig6a_mesh.pdf
08_FINAL_OUTPUTS/figures/submission/fig6b_ablation.pdf,17444,6b2bf1f4c0739d0d83cb3bcb4b1e9c79cfef04f08547c892af51fed3d880f595,PAPER_PROJECT/11_Figures/submission/fig6b_ablation.pdf
08_FINAL_OUTPUTS/figures/submission/fig7_pulse_width.pdf,24865,ea20f702e79aaecbb67d0f36f8714432f42427697e54fac545d13372d74343e3,PAPER_PROJECT/11_Figures/submission/fig7_pulse_width.pdf
08_FINAL_OUTPUTS/manuscript/AUTHOR_INPUT_FORM.md,4475,c634fec8d221facca10ffa43983976cface635dda979b9d0f9e2779dd594f458,Phase_10_Submission_Package/AUTHOR_INPUT_FORM.md
08_FINAL_OUTPUTS/manuscript/AUTHOR_INPUT_REQUIRED.md,13050,188e6e1824b9a326a5e8124359f1b4aa5958e0294db9162f3f1f42df7497d8fb,PAPER_PROJECT/13_Manuscript/AUTHOR_INPUT_REQUIRED.md
08_FINAL_OUTPUTS/manuscript/FINAL_QA_REPORT.md,23095,fb272fd17d9847d9f3d1be593001baa9fde0cce907e7d47c0fb02d493d548327,PAPER_PROJECT/13_Manuscript/FINAL_QA_REPORT.md
08_FINAL_OUTPUTS/manuscript/FINAL_REVISED_CALCULATIONS.pdf,519552,4571f73e0365ce442b9c0b812ea2341b12dbe38cc3dfcd309952103bab05a043,PAPER_PROJECT/13_Manuscript/FINAL_REVISED_CALCULATIONS.pdf
08_FINAL_OUTPUTS/manuscript/FINAL_REVISED_MANUSCRIPT.pdf,2350981,fd455e1818155b98f9c8756b7de8302399a6f82424a32ce4ad418eed37149f64,PAPER_PROJECT/13_Manuscript/FINAL_REVISED_MANUSCRIPT.pdf
08_FINAL_OUTPUTS/manuscript/JOURNAL_FIT.md,4545,a7a88a36c58a5e057a7eba765747dd06160b548c216d0ff6fe6fd44f49504b75,PAPER_PROJECT/13_Manuscript/JOURNAL_FIT.md
08_FINAL_OUTPUTS/manuscript/MANUSCRIPT_STATS.json,356,7263bb0583b94ee11d4e9ad1c25baa76d52ed038d1f7ee7e632e5f1b0b60faac,PAPER_PROJECT/13_Manuscript/MANUSCRIPT_STATS.json
08_FINAL_OUTPUTS/manuscript/PDF_VERIFICATION.txt,2023,ca3a457347e6bdfb1e76df43d37ae0f3b8b3da421071fbd3b54c34d14caa1307,PAPER_PROJECT/13_Manuscript/PDF_VERIFICATION.txt
08_FINAL_OUTPUTS/manuscript/REFERENCES_ORDERED.json,18406,6f1c201439c89136f523b55d152c9be1c3d663951ab87665b8dcbf9aeca4945c,PAPER_PROJECT/13_Manuscript/REFERENCES_ORDERED.json
08_FINAL_OUTPUTS/manuscript/REF_ORDER.json,1015,da940ebfa6a4fb6e3434370ce4187a51fe82e93e58c6a0eb79cdf9a0063078b6,PAPER_PROJECT/13_Manuscript/REF_ORDER.json
08_FINAL_OUTPUTS/manuscript/SUBMISSION_CHECKLIST.md,4288,17d011954339122c0f757b2c5de2aefbb35ba7509d2313490fa1f8a03f4f070d,Phase_08_Final_Audit/SUBMISSION_CHECKLIST.md
08_FINAL_OUTPUTS/manuscript/SUPPLEMENTARY_TABLES.xlsx,33551,a972c0d8cbdec3dac2c8a3ccd23476e4a147cb42d24cd9393175c9432476f802,PAPER_PROJECT/13_Manuscript/SUPPLEMENTARY_TABLES.xlsx
08_FINAL_OUTPUTS/manuscript/calculations_IJHMT.pdf,519604,89cdf4d931d8aca478d9316ac3f72f90806a1786c2954b14eb26de1fd4b42ebe,PAPER_PROJECT/13_Manuscript/calculations_IJHMT.pdf
08_FINAL_OUTPUTS/manuscript/compile_check.sh,4376,539d9ecf27b0833c2f442ab841c4c1e3d4ff91daa958bf7974d5dfc3bb33993d,Phase_10_Submission_Package/compile_check.sh
08_FINAL_OUTPUTS/manuscript/cover_letter.docx,39378,9d6b67920821e4acf6e1f7c19a141bfa7b0790e441eae65735a001a196c759ac,Phase_10_Submission_Package/cover_letter.docx
08_FINAL_OUTPUTS/manuscript/cover_letter.md,5330,79566ad405d2bec6e23dfd6161297b9b2a9336ffeed6c0a5013d5a7bf9b9e305,PAPER_PROJECT/13_Manuscript/cover_letter.md
08_FINAL_OUTPUTS/manuscript/cover_letter.pdf,6664,b989972bf1b0808f9cb2acd96410b73336b541556bc8dbc0cd3e982ee3a4588f,Phase_10_Submission_Package/cover_letter.pdf
08_FINAL_OUTPUTS/manuscript/manuscript_IJHMT.docx,2687606,3d566034bd8785b592bbd89a87dbdcb7773dd4a7af30e216982abf5ded50fc8e,PAPER_PROJECT/13_Manuscript/manuscript_IJHMT.docx
08_FINAL_OUTPUTS/manuscript/manuscript_IJHMT.md,104808,68f67028759ac7107620fad4a8ae8d699b85ae83860c2463a5b7346b41e003ea,PAPER_PROJECT/13_Manuscript/manuscript_IJHMT.md
08_FINAL_OUTPUTS/manuscript/manuscript_IJHMT.pdf,2351063,bdb4287c71bb44102642e8af74581b5e348acc0fb94f31c997ba564ea1addbde,PAPER_PROJECT/13_Manuscript/manuscript_IJHMT.pdf
09_ARCHIVE_METADATA/ARCHIVE_README.md,3846,f5fb230e52cfd585baff825a1133d7659ca47cc748a0f6d6bf44e205c664afab,PAPER_PROJECT/16_Reproducibility/ARCHIVE_README.md
09_ARCHIVE_METADATA/FINAL_PACKAGE_STATUS.md,3995,1558c4e14ba1a251dc831977d4657235e469168291b7040b54c102bba517102e,PAPER_PROJECT/16_Reproducibility/FINAL_PACKAGE_STATUS.md
09_ARCHIVE_METADATA/generated_source/ARCHIVE_README.md,3846,f5fb230e52cfd585baff825a1133d7659ca47cc748a0f6d6bf44e205c664afab,PAPER_PROJECT/16_Reproducibility/ARCHIVE_README.md
09_ARCHIVE_METADATA/generated_source/CHANGELOG.md,5151,c536b805c4e0b7e7dad0a802c4f61922edcb1cf88dded5fcf4e8e4f978adf994,PAPER_PROJECT/16_Reproducibility/CHANGELOG.md
09_ARCHIVE_METADATA/generated_source/DATA_DICTIONARY.md,11651,568f46d44aecc77a102aa583870d04361439046745cf1c5db186acc6314dd9bc,PAPER_PROJECT/16_Reproducibility/DATA_DICTIONARY.md
09_ARCHIVE_METADATA/generated_source/FIGURE_PROVENANCE.md,4451,9012bad36d94460c065d2fa2441d4670c0863b5d77ee929fdb51fa1f175d464e,PAPER_PROJECT/16_Reproducibility/FIGURE_PROVENANCE.md
09_ARCHIVE_METADATA/generated_source/FINAL_PACKAGE_STATUS.md,3995,1558c4e14ba1a251dc831977d4657235e469168291b7040b54c102bba517102e,PAPER_PROJECT/16_Reproducibility/FINAL_PACKAGE_STATUS.md
09_ARCHIVE_METADATA/generated_source/INTEGRITY_AUDIT.json,6576,b0c11c7ee6f7ad7a689ddbf4ea0cb61af5caa7505abbecb787880ad73f16021b,PAPER_PROJECT/16_Reproducibility/INTEGRITY_AUDIT.json
09_ARCHIVE_METADATA/generated_source/KNOWN_LIMITATIONS.md,3284,2d7a8379783a2fc32f092fe62cf08e66ee303d079604482e24c785038522cb1f,PAPER_PROJECT/16_Reproducibility/KNOWN_LIMITATIONS.md
09_ARCHIVE_METADATA/generated_source/MODEL_DESCRIPTION.md,4319,b626ce275e883dcafc96e14da209bcbcdef3d2fae25d70f62041368791c8b007,PAPER_PROJECT/16_Reproducibility/MODEL_DESCRIPTION.md
09_ARCHIVE_METADATA/generated_source/NUMERICAL_METHOD.md,2894,7b381b726f3d4744e7e74c356ef44d77b58903a5fe3ce19355c7b247da784e7c,PAPER_PROJECT/16_Reproducibility/NUMERICAL_METHOD.md
09_ARCHIVE_METADATA/generated_source/PROJECT_OVERVIEW.md,2765,e53e2536a642358f815d1ad40c823ac83b79b99110dea1018ec3d9caac465643,PAPER_PROJECT/16_Reproducibility/PROJECT_OVERVIEW.md
09_ARCHIVE_METADATA/generated_source/README_DATA.md,3577,8e56396ddb76ad75b4f10aaa3584047456c1136df61b1d07083749fd4d4bc56a,PAPER_PROJECT/16_Reproducibility/README_DATA.md
09_ARCHIVE_METADATA/generated_source/README_OVERLEAF.md,3682,4552cf0329363dbb8506910df13fd5555d67e67906abb351d2e25fc8bc73f64c,PAPER_PROJECT/16_Reproducibility/README_OVERLEAF.md
09_ARCHIVE_METADATA/generated_source/README_PROGRAM.md,10390,fb2ee2337b739373ad0e2a1cabdba6b489ca2cd81978b22f41f30b7209dc6b21,PAPER_PROJECT/16_Reproducibility/README_PROGRAM.md
09_ARCHIVE_METADATA/generated_source/REPRODUCE_FROM_SCRATCH.md,3377,43f5295de423c1edf1b13ed2d1659d1c6b90d110d4222b51c843288817326172,PAPER_PROJECT/16_Reproducibility/REPRODUCE_FROM_SCRATCH.md
09_ARCHIVE_METADATA/generated_source/REPRODUCTION_SUMMARY.json,8586,7bd0eb211ca189f7eabf87a60c7c90d7337bd9808a667eb47513b342dd758e32,PAPER_PROJECT/16_Reproducibility/REPRODUCTION_SUMMARY.json
09_ARCHIVE_METADATA/generated_source/REPRODUCTION_TEST_REPORT_2026-10-04.md,1937,9d6376dc8e511f1218a28bfe1d42ff567b0f543b45dacfcd22fb554a1d93492a,PAPER_PROJECT/16_Reproducibility/REPRODUCTION_TEST_REPORT_2026-10-04.md
09_ARCHIVE_METADATA/generated_source/RUN_ORDER.md,4365,6e07973788aeb5d3dee0764b3515c219153ef7f5ab1c0f3a6436d069966b8d70,PAPER_PROJECT/16_Reproducibility/RUN_ORDER.md
09_ARCHIVE_METADATA/generated_source/SHA256SUMS.txt,132560,7fec1c0f720989ab1ee68ea4f53910d5d2acd4044201bd6bdf43171c62b230a7,PAPER_PROJECT/16_Reproducibility/SHA256SUMS.txt
09_ARCHIVE_METADATA/generated_source/VERIFICATION_GATES.txt,253,9de04580a6d78fb7e9711d26ab0162da56cfd22b03b9c817f31bdc87d374f291,PAPER_PROJECT/16_Reproducibility/VERIFICATION_GATES.txt
09_ARCHIVE_METADATA/generated_source/archive_build.json,1215,790258690ba94b02c9c21f6a76a7ccc75fe85207ac795e214f398176d572e44d,PAPER_PROJECT/16_Reproducibility/archive_build.json
09_ARCHIVE_METADATA/generated_source/file_manifest_sha256.csv,201062,f18996bdf1a3adff603c5275459f3aaded9617c4a5f44503ca6a650e8b684e9c,PAPER_PROJECT/16_Reproducibility/file_manifest_sha256.csv
09_ARCHIVE_METADATA/generated_source/parameter_manifest.json,7580,302fc1802e471a1048451bc230e622bfd45c997d1dbc0a0456a30fe6d481bb0d,PAPER_PROJECT/16_Reproducibility/parameter_manifest.json
09_ARCHIVE_METADATA/generated_source/run_manifest.json,964,17704999981aa2ab2702d71276402b81d3cac91b1f87db97aea67955020efc4c,PAPER_PROJECT/16_Reproducibility/run_manifest.json
